Workbook

Sheet SOP
A1: Last refreshed: 7/31/2026, 5:36:08 AM
A3: For TSL
A4: 1 | B4: Update OMS for 056
A5: 2 | B5: Filter greater than 0 in qty to be logged
A6: 3 | B6: Log order min 5 MT
A7: 4 | B7: Update only peach color columns

Sheet vsm req
H1: VSM To Update | K1: 1721.5 | L1: 839 | M1: 210 | N1: 25 | O1: 99 | P1: 65 | Q1: 25 | R1: 25 | S1: 109 | T1: 126 | U1: 198.5
K2: Total schedule | L2: Rucha | M2: Metalman | N2: Marathwada | O2: Rajsriya tvs | P2: supangita | Q2: pams eng | R2: KP ENG | S2: Rajsriya RE | T2: belrise chennai | U2: Belrise malur
A3: S.NO | B3: Section | C3: Column1 | D3: O D | E3: Thk. | F3: Length | G3: Wt/Len | H3: key | I3: Grade | J3: FC/NFC
A4: 1 | C4: 943209 | D4: 12.7 | E4: 1.2 | F4: 6 | G4: 2.042 | H4: 12.7-0-1.2-ERW 1-PE | I4: ERW 1 | J4: NFC | K4: 6000 | L4: 6
A5: 2 | C5: 943210 | D5: 12.7 | E5: 1.4 | F5: 5.67 | G5: 2.212 | I5: ERW 1 | J5: NFC | K5: 1500 | U5: 1.5
A6: 3 | D6: 12.7 | E6: 1.4 | F6: 6 | G6: 2.341 | I6: ERW 1 | J6: NFC | K6: 0
A7: 4 | D7: 12.7 | E7: 1.4 | F7: 6.035 | G7: 2.355 | I7: ERW 1 | J7: NFC | K7: 0
A8: 5 | C8: 943210 | D8: 12.7 | E8: 1.6 | F8: 6 | G8: 2.628 | H8: 12.7-0-1.6-ERW 1-PE | I8: ERW 1 | J8: NFC | K8: 0
A9: 6 | D9: 12.7 | E9: 2 | F9: 6 | G9: 3.167 | I9: ERW 1 | J9: NFC | K9: 2000 | L9: 2
A10: 7 | D10: 14 | E10: 2.45 | F10: 5 | K10: 0
A11: 8 | D11: 15.88 | E11: 1 | F11: 6.19 | G11: 2.272 | H11: 15.88-0-1-ERW 1-PE | I11: ERW 1 | J11: NFC | K11: 0
A12: 9 | C12: 943210 | D12: 15.88 | E12: 1.2 | F12: 6 | G12: 2.607 | H12: 15.88-0-1.2-ERW 1-PE | I12: ERW 1 | J12: NFC | K12: 5000 | L12: 5
A13: 10 | D13: 15.88 | E13: 1.4 | F13: 6 | G13: 2.607 | I13: ERW 1 | J13: NFC | K13: 0
A14: 11 | D14: 15.88 | E14: 1.6 | F14: 6 | G14: 3.381 | H14: 15.88-0-1.6-ERW 1-PE | I14: ERW 1 | J14: NFC | K14: 1000 | L14: 1
A15: 12 | C15: 943209 | D15: 15.88 | E15: 2 | F15: 6 | G15: 4.108 | H15: 15.88-0-2-ERW 1-PE | I15: ERW 1 | J15: NFC | K15: 3000 | U15: 3
A16: 13 | D16: 16.8 | E16: 2.4 | F16: 4.4 | G16: 3.75 | H16: 16.1-10.4-2.7-CEW-CEW | I16: ERW 1 | J16: NFC | K16: 0
A17: 14 | D17: 18.2 | E17: 1 | F17: 6.145 | G17: 2.607 | H17: 18.2-0-1-ERW 1-PE | I17: ERW 1 | J17: NFC | K17: 5000 | L17: 5
A18: 15 | C18: 943210 | D18: 19.05 | E18: 1.4 | F18: 6 | G18: 3.656 | I18: ERW 2 | J18: NFC | K18: 11000 | U18: 11
A19: 16 | C19: 943209 | D19: 19.05 | E19: 1.6 | F19: 6 | G19: 4.062 | H19: 19.05-0-1.6-ERW 1-PE | I19: ERW 1 | J19: NFC | K19: 25000 | T19: 15 | U19: 10
A20: 17 | D20: 19.05 | E20: 1.6 | F20: 6.2 | G20: 4.131 | H20: 19.05-0-1.6-ERW 1-PE | I20: ERW 1 | J20: NFC | K20: 0
A21: 18 | C21: 943209 | D21: 19.05 | E21: 2 | F21: 5.8 | G21: 4.878 | H21: 19.05-0-2-ERW 1-PE | I21: ERW 1 | J21: NFC | K21: 17000 | O21: 17
A22: 19 | D22: 19.05 | E22: 2 | F22: 5.841 | G22: 4.912 | H22: 19.05-0-2-ERW 1-PE | I22: ERW 1 | J22: NFC | K22: 48000 | L22: 45 | M22: 3
A23: 20 | D23: 19.05 | E23: 2.3 | F23: 6 | G23: 6.651 | H23: 19.05-0-2.3-ERW 1-PE | I23: ERW 1 | J23: NFC | K23: 4000 | M23: 4
A24: 21 | D24: 19.05 | E24: 2.3 | F24: 6.32 | G24: 6.651 | H24: 19.05-0-2.3-ERW 1-PE | I24: ERW 1 | J24: NFC | K24: 0
A25: 22 | D25: 19.05 | E25: 2.3 | F25: 7 | K25: 30000 | L25: 30
A26: 23 | D26: 19 | E26: 3.25 | F26: 6.2 | K26: 0
A27: 24 | C27: 943209 | D27: 21.4 | E27: 1.6 | F27: 6 | G27: 4.688 | H27: 21.4-0-1.6-ERW 1-PE | I27: ERW 1 | J27: NFC | K27: 5000 | L27: 5
A28: 25 | C28: 943209 | D28: 21.4 | E28: 2 | F28: 5.66 | I28: ERW 1 | J28: NFC | K28: 0
A29: 26 | D29: 22.2 | E29: 1.2 | F29: 5.3 | K29: 9500 | L29: 8 | M29: 1.5
A30: 27 | C30: 943209 | D30: 22.2 | E30: 1.2 | F30: 5.87 | G30: 3.648 | H30: 22.23-0-1.2-ERW 1-PE | I30: ERW 1 | J30: NFC | K30: 10000 | L30: 10
A31: 28 | C31: 943209 | D31: 22.2 | E31: 1.4 | F31: 6 | G31: 4.309 | I31: ERW 2 | J31: NFC | K31: 6000 | U31: 6
A32: 29 | C32: 943209 | D32: 22.2 | E32: 1.6 | F32: 5.27 | G32: 4.609 | H32: 22.23-0-1.6-ERW 1-PE | I32: ERW 1 | J32: NFC | K32: 1000 | M32: 1
A33: 30 | C33: 943209 | D33: 22.2 | E33: 1.6 | F33: 5.264 | G33: 4.284 | H33: 22.23-0-1.6-ERW 1-PE | I33: ERW 1 | J33: NFC | K33: 55000 | L33: 30 | N33: 25
A34: 31 | C34: 943209 | D34: 22.2 | E34: 1.6 | F34: 5.685 | G34: 4.877 | H34: 22.23-0-1.6-ERW 1-PE | I34: ERW 1 | J34: NFC | K34: 0
A35: 32 | C35: 943209 | D35: 22.2 | E35: 1.6 | F35: 5.8 | G35: 4.609 | H35: 22.23-0-1.6-ERW 1-PE | I35: ERW 1 | J35: NFC | K35: 0
A36: 33 | C36: 943209 | D36: 22.2 | E36: 1.6 | F36: 5.67 | G36: 4.877 | H36: 22.23-0-1.6-ERW 1-PE | I36: ERW 1 | J36: NFC | K36: 50000 | L36: 50
A37: 34 | C37: 943209 | D37: 22.2 | E37: 2 | F37: 5.1 | G37: 5.081 | H37: 22.23-0-2-ERW 1-PE | I37: ERW 1 | J37: NFC | K37: 0
A38: 35 | C38: 943209 | D38: 22.2 | E38: 2 | F38: 5.4 | G38: 5.38 | H38: 22.23-0-2-ERW 1-FC | I38: ERW 1 | J38: FC | K38: 0
A39: 36 | D39: 22.2 | E39: 2 | F39: 5.5 | K39: 0
A40: 37 | D40: 22.2 | E40: 2 | F40: 5.65 | I40: ERW 1 | J40: NFC | K40: 0
A41: 38 | C41: 943209 | D41: 22.2 | E41: 2 | F41: 5.951 | G41: 5.928 | H41: 22.23-0-2-ERW 1-PE | I41: ERW 1 | J41: NFC | K41: 159000 | L41: 90 | P41: 60 | T41: 9
A42: 39 | C42: 943209 | D42: 22.2 | E42: 2 | F42: 6 | G42: 5.978 | H42: 22.23-0-2-ERW 2-FC | I42: ERW 2 | J42: FC | K42: 60000 | L42: 60
A43: 40 | D43: 22.2 | E43: 2.3 | F43: 5.76 | G43: 6.502 | H43: 22.23-0-2.3-ERW 1-PE | I43: ERW 2 | J43: NFC | K43: 0
A44: 41 | D44: 22.2 | E44: 2.3 | F44: 5.98 | G44: 6.75 | H44: 22.23-0-2.3-ERW 1-PE | I44: ERW 1 | J44: NFC | K44: 0
A45: 42 | C45: 943210 | D45: 25.4 | E45: 1.4 | F45: 5.531 | G45: 4.583 | I45: ERW 2 | J45: FC | K45: 0
A46: 43 | C46: 943210 | D46: 25.4 | E46: 1.4 | F46: 6.06 | I46: ERW 1 | J46: FC | K46: 23000 | U46: 23
A47: 44 | D47: 25.4 | E47: 1.6 | F47: 5.84 | H47: 25.4-0-1.6-ERW 1-FC | I47: ERW 1 | J47: NFC | K47: 31000 | L47: 31
A48: 45 | D48: 25.4 | E48: 1.6 | F48: 5.27 | K48: 0
A49: 46 | C49: 943209 | D49: 25.4 | E49: 1.6 | F49: 6 | G49: 5.635 | H49: 25.4-0-1.6-ERW 1-FC | I49: ERW 1 | J49: NFC | K49: 10000 | L49: 10
A50: 47 | C50: 943209 | D50: 25.4 | E50: 2 | F50: 5.84 | G50: 6.74 | H50: 25.4-0-2-ERW 1-FC | I50: ERW 1 | J50: NFC | K50: 32000 | L50: 10 | T50: 22
A51: 48 | C51: 943209 | D51: 25.4 | E51: 2 | F51: 6 | I51: ERW 1 | J51: NFC | K51: 0
A52: 49 | C52: 943209 | D52: 25.4 | E52: 2 | F52: 6.05 | G52: 6.983 | H52: 25.4-0-2-ERW 1-FC | I52: ERW 1 | J52: NFC | K52: 0
A53: 50 | C53: 943209 | D53: 25.4 | E53: 2.5 | F53: 5.53 | G53: 7.808 | H53: 25.4-0-2.5-ERW 1-FC | I53: ERW 1 | J53: FC | K53: 56000 | L53: 56
A54: 51 | D54: 25.4 | E54: 2.5 | F54: 5.95 | G54: 8.33 | H54: 25.4-0-2.5-ERW 1-FC | I54: ERW 1 | J54: FC | K54: 0
A55: 52 | D55: 25.4 | E55: 2.6 | F55: 3.5 | G55: 5.117 | H55: 25.4-0-2.5-CEW-CEW | I55: CEW | J55: FC | K55: 0
A56: 53 | D56: 25.4 | E56: 2.6 | F56: 6 | G56: 8.772 | H56: 25.4-0-2.5-CEW-CEW | I56: CEW | J56: FC | K56: 0
A57: 54 | D57: 25.4 | E57: 4 | F57: 4.4 | G57: 9.289 | I57: CEW | J57: FC | K57: 0
A58: 55 | C58: 943209 | D58: 28.58 | E58: 1.2 | F58: 6 | G58: 4.862 | H58: 28.58-0-1.2-ERW 1-PE | I58: ERW 1 | J58: FC | K58: 0
A59: 56 | D59: 28.58 | E59: 2.6 | F59: 4.5 | G59: 7.496 | H59: 28.6-0-2.65-CEW-CEW | I59: CEW | J59: FC | K59: 8000 | L59: 3 | P59: 5 | Q59: 0
A60: 57 | D60: 28.58 | E60: 2.6 | F60: 6.07 | G60: 10.112 | H60: 28.6-0-2.65-CEW-CEW | I60: CEW | J60: FC | K60: 0
A61: 58 | C61: 943210 | D61: 28.58 | E61: 3.2 | F61: 6.06 | G61: 12.017 | I61: ERW 1 | J61: FC | K61: 0
A62: 59 | D62: 29.4 | E62: 4.5 | F62: 5.84 | I62: CEW | J62: FC | K62: 25000 | Q62: 25
A63: 60 | D63: 30 | E63: 3 | F63: 3.5 | G63: 6.992 | I63: CEW | J63: FC | K63: 0
A64: 61 | D64: 31.75 | E64: 1.2 | F64: 5.1 | H64: 31.75-0-1.2-ERW 1-FC | I64: ERW 1 | J64: FC | K64: 5000 | M64: 5
A65: 62 | D65: 31.75 | E65: 1.2 | F65: 6 | G65: . | H65: 31.75-0-1.2-ERW 1-FC | I65: ERW 1 | J65: FC | K65: 0
A66: 63 | D66: 31.75 | E66: 2 | F66: 6 | G66: 8.657 | I66: ERW 1 | J66: FC | K66: 10000 | T66: 10
A67: 64 | C67: 943209 | D67: 31.75 | E67: 2.3 | F67: 5.92 | G67: 10.023 | H67: 31.75-0-2.3-ERW 1-FC | I67: ERW 1 | J67: FC | K67: 15000 | L67: 15
A68: 65 | D68: 31.75 | E68: 2.3 | F68: 6 | H68: 31.75-0-2.3-ERW 1-FC | K68: 0
A69: 66 | D69: 31.75 | E69: 3.65 | F69: 6 | G69: 15.176 | I69: CEW | J69: FC | K69: 0
A70: 67 | D70: 31.9 | E70: 4.55 | F70: 6 | G70: 13.964 | I70: CEW | J70: FC | K70: 0
A71: 68 | C71: 943210 | D71: 34 | E71: 1.4 | F71: 6.52 | G71: 7.339 | I71: ERW 1 | J71: FC | K71: 0
A72: 69 | C72: 943211 | D72: 34.93 | E72: 1.2 | F72: 5.1 | G72: 5.091 | H72: 34.93-0-1.2-ERW 1-FC | I72: ERW 1 | J72: FC | K72: 17000 | M72: 1 | T72: 16
A73: 70 | C73: 943211 | D73: 34.93 | E73: 1.2 | F73: 5.9 | I73: ERW 1 | J73: FC | K73: 20000 | S73: 20
A74: 71 | D74: 34.93 | E74: 1.2 | F74: 6 | G74: 5.989 | H74: 34.93-0-1.2-ERW 1-FC | I74: ERW 1 | J74: FC | K74: 0
A75: 72 | D75: 34.93 | E75: 1.2 | F75: 620 | G75: 620 | I75: ERW 1 | K75: 0
A76: 73 | D76: 34.93 | E76: 1.2 | F76: 650 | G76: 650 | I76: ERW 1 | K76: 19000 | S76: 19
A77: 74 | D77: 34.93 | E77: 1.2 | F77: 780 | G77: 780 | I77: ERW 1 | K77: 10000 | S77: 10
A78: 75 | D78: 38.1 | E78: 1.6 | F78: 5.88 | G78: 7.201 | H78: 38.1-0-1.6-ERW 1-FC | I78: ERW 1 | J78: FC | K78: 0
A79: 76 | C79: 943209 | D79: 38.1 | E79: 1.6 | F79: 6.19 | G79: 8.915 | H79: 38.1-0-1.6-ERW 2 MAHS-FC | I79: ERW 2 | J79: FC | K79: 64000 | L79: 44 | M79: 20
A80: 77 | D80: 38.1 | E80: 1.6 | F80: 6.205 | G80: 8.937 | H80: 38.1-0-1.6-ERW 1-FC | I80: HST | J80: FC | K80: 0
A81: 78 | C81: 943209 | D81: 38.1 | E81: 2 | F81: 5.65 | G81: 10.06 | H81: 38.1-0-2-ERW 1-FC | I81: ERW 1 | J81: FC | K81: 10000 | M81: 10
A82: 79 | C82: 943209 | D82: 38.1 | E82: 2.5 | F82: 6.19 | G82: 13.586 | H82: 38.1-0-2.5-ERW 2 MAHS-FC | I82: ERW 2 | J82: FC | K82: 97000 | L82: 67 | M82: 30
A83: 80 | C83: 943211 | D83: 38.1 | E83: 3.2 | F83: 6.16 | I83: ERW 2 | J83: FC | K83: 0
A84: 81 | C84: 943211 | D84: 38.1 | E84: 3.2 | F84: 6 | I84: cew | K84: 0
A85: 82 | B85: 40X25 | C85: 943209 | D85: 41.28 | E85: 1.6 | F85: 5.74 | G85: 9.2 | H85: 40-25-1.6-ERW 1-FC | I85: ERW 1 | J85: FC | K85: 0
A86: 83 | B86: 40X25 | C86: 943209 | D86: 41.28 | E86: 1.6 | F86: 5.99 | G86: 9.5 | H86: 40-25-1.6-ERW 1-FC | I86: ERW 1 | J86: FC | K86: 13000 | L86: 10 | M86: 3
A87: 84 | B87: 40X25 | D87: 41.28 | E87: 1.6 | F87: 6.02 | K87: 0
A88: 85 | C88: 943209 | D88: 41.28 | E88: 2.6 | F88: 6 | G88: 14.881 | H88: 41.28-0-2.6-ERW 1-FC | I88: ERW 1 | J88: FC | K88: 85000 | L88: 85
A89: 86 | D89: 41.28 | E89: 2.6 | F89: 6.02 | G89: 14.881 | H89: 41.28-0-2.6-ERW 1-FC | I89: ERW 1 | J89: FC | K89: 0
A90: 87 | C90: 943210 | D90: 41.28 | E90: 3.15 | F90: 5.94 | G90: 17.417 | H90: 41.28-0-3.2-ERW 1-FC | I90: ERW 1 | J90: FC | K90: 87000 | L90: 30 | M90: 20 | O90: 7 | U90: 30
A91: 88 | C91: 943210 | D91: 41.28 | E91: 3.15 | F91: 5.86 | G91: 17.417 | H91: 41.28-0-3.2-ERW 1-FC | I91: ERW 1 | J91: FC | K91: 0
A92: 89 | D92: 41.28 | E92: 3.15 | F92: 6.285 | K92: 0
A93: 90 | C93: 943210 | D93: 42.7 | E93: 1.6 | F93: 5.94 | I93: ERW 2 | J93: FC | K93: 25000 | R93: 25
A94: 91 | D94: 42.7 | E94: 3.5 | F94: 6 | G94: 20.301 | H94: 42.7-0-3.5-ERW 1-FC | I94: ERW 1 | J94: FC | K94: 0
A95: 92 | C95: 943209 | D95: 42.7 | E95: 3.5 | F95: 6.05 | G95: 20.471 | H95: 42.7-0-3.5-ERW 1-FC | I95: ERW 1 | J95: FC | K95: 1500 | M95: 1.5
A96: 93 | C96: 943209 | D96: 42.7 | E96: 4 | F96: 5.5 | G96: 20.997 | H96: 42.7-0-4-ERW 1-FC | I96: ERW 1 | J96: FC | K96: 38000 | L96: 25 | M96: 10 | O96: 3
A97: 94 | B97: 40X30 | C97: 943209 | D97: 44.45 | E97: 1.6 | F97: 5.9 | G97: 10.02 | H97: 40-30-1.6-ERW 1-FC | I97: ERW 1 | J97: FC | K97: 15000 | M97: 15
A98: 95 | B98: 40X30 | C98: 943209 | D98: 44.45 | E98: 1.6 | F98: 6.23 | G98: 10.53 | H98: 40-30-1.6-ERW 1-FC | I98: ERW 1 | J98: FC | K98: 0
A99: 96 | C99: 943210 | D99: 45 | E99: 1.4 | F99: 5.7 | G99: 8.58 | I99: ERW 1 | J99: FC | K99: 5000 | U99: 5
A100: 97 | C100: 943210 | D100: 45 | E100: 1.4 | F100: 6.4 | G100: 9.634 | I100: ERW 2 | J100: FC | K100: 24000 | U100: 24
...

Sheet TVSM
H1: VSM To Update | K1: 30.07.26
J2: =SUM(J3:J96) -> 1263 | K2: =SUM(K3:K96) -> 990.836 | L2: =SUM(L3:L96) -> 1167.62 | M2: =SUM(M3:M96) -> 839 | N2: =SUM(N3:N96) -> 210 | O2: =SUM(O3:O96) -> 25 | P2: =SUM(P3:P96) -> 99 | Q2: =SUM(Q3:Q96) -> 65 | ... T2: =SUM(T3:T96) -> 0
A3: S.NO | B3: Section | C3: Column1 | D3: O D | E3: Thk. | F3: Wt/Len | G3: key | H3: Grade | I3: FC/NFC | J3: VSM Requirement | K3: VSM Sales | L3: VSM Stock | M3: Rucha | N3: Metalman | O3: Marathwada | P3: Rajsriya tvs | Q3: supangita | R3: pams eng | T3: 2
A4: 1 | C4: 943209 | D4: 12.7 | E4: 1.2 | F4: 2.042 | G4: 12.7-0-1.2-ERW 1-PE | H4: ERW 1 | I4: NFC | J4: =SUM(M4:R4) -> 6 | K4: =(759+180+613+316+346+511+629+180+173+338+390)/1000 -> 4.435 | L4: =ROUND(SUMIFS(Table3[Stock],Table3[key],Table1[[#This Row],[key]])/1000+SUMIFS(Table3[In Transit],Table3[key],Table1[[#This Row],[key]])/1000,2) -> 10.28 | M4: 6
A5: 2 | C5: 943210 | D5: 12.7 | E5: 1.4 | F5: 2.212 | H5: ERW 1 | I5: NFC | J5: =SUM(M5:R5) -> 0 | L5: =ROUND(SUMIFS(Table3[Stock],Table3[key],Table1[[#This Row],[key]])/1000+SUMIFS(Table3[In Transit],Table3[key],Table1[[#This Row],[key]])/1000,2) -> 0
A6: 3 | D6: 12.7 | E6: 1.4 | F6: 2.341 | H6: ERW 1 | I6: NFC | J6: =SUM(M6:R6) -> 0 | L6: =ROUND(SUMIFS(Table3[Stock],Table3[key],Table1[[#This Row],[key]])/1000+SUMIFS(Table3[In Transit],Table3[key],Table1[[#This Row],[key]])/1000,2) -> 0
A7: 4 | D7: 12.7 | E7: 1.4 | F7: 2.355 | H7: ERW 1 | I7: NFC | J7: =SUM(M7:R7) -> 0 | L7: =ROUND(SUMIFS(Table3[Stock],Table3[key],Table1[[#This Row],[key]])/1000+SUMIFS(Table3[In Transit],Table3[key],Table1[[#This Row],[key]])/1000,2) -> 0
A8: 5 | C8: 943210 | D8: 12.7 | E8: 1.6 | F8: 2.628 | G8: 12.7-0-1.6-ERW 1-PE | H8: ERW 1 | I8: NFC | J8: =SUM(M8:R8) -> 0 | L8: =ROUND(SUMIFS(Table3[Stock],Table3[key],Table1[[#This Row],[key]])/1000+SUMIFS(Table3[In Transit],Table3[key],Table1[[#This Row],[key]])/1000,2) -> 2.74
A9: 6 | D9: 12.7 | E9: 2 | F9: 3.167 | H9: ERW 1 | I9: NFC | J9: =SUM(M9:R9) -> 2 | L9: =ROUND(SUMIFS(Table3[Stock],Table3[key],Table1[[#This Row],[key]])/1000+SUMIFS(Table3[In Transit],Table3[key],Table1[[#This Row],[key]])/1000,2) -> 0 | M9: 2
A10: 7 | D10: 14 | E10: 2.45 | J10: =SUM(M10:R10) -> 0 | L10: =ROUND(SUMIFS(Table3[Stock],Table3[key],Table1[[#This Row],[key]])/1000+SUMIFS(Table3[In Transit],Table3[key],Table1[[#This Row],[key]])/1000,2) -> 0
A11: 8 | D11: 15.88 | E11: 1 | F11: 2.272 | G11: 15.88-0-1-ERW 1-PE | H11: ERW 1 | I11: NFC | J11: =SUM(M11:R11) -> 0 | L11: =ROUND(SUMIFS(Table3[Stock],Table3[key],Table1[[#This Row],[key]])/1000+SUMIFS(Table3[In Transit],Table3[key],Table1[[#This Row],[key]])/1000,2) -> 0
A12: 9 | C12: 943210 | D12: 15.88 | E12: 1.2 | F12: 2.607 | G12: 15.88-0-1.2-ERW 1-PE | H12: ERW 1 | I12: NFC | J12: =SUM(M12:R12) -> 5 | K12: =(1222+1309)/1000 -> 2.531 | L12: =ROUND(SUMIFS(Table3[Stock],Table3[key],Table1[[#This Row],[key]])/1000+SUMIFS(Table3[In Transit],Table3[key],Table1[[#This Row],[key]])/1000,2) -> 1.57 | M12: 5
A13: 10 | D13: 15.88 | E13: 1.4 | F13: 2.607 | H13: ERW 1 | I13: NFC | J13: =SUM(M13:R13) -> 0 | L13: =ROUND(SUMIFS(Table3[Stock],Table3[key],Table1[[#This Row],[key]])/1000+SUMIFS(Table3[In Transit],Table3[key],Table1[[#This Row],[key]])/1000,2) -> 0
A14: 11 | D14: 15.88 | E14: 1.6 | F14: 3.381 | G14: 15.88-0-1.6-ERW 1-PE | H14: ERW 1 | I14: NFC | J14: =SUM(M14:R14) -> 1 | K14: =(481)/1000 -> 0.481 | L14: =ROUND(SUMIFS(Table3[Stock],Table3[key],Table1[[#This Row],[key]])/1000+SUMIFS(Table3[In Transit],Table3[key],Table1[[#This Row],[key]])/1000,2) -> 10.66 | M14: 1
A15: 12 | C15: 943209 | D15: 15.88 | E15: 2 | F15: 4.108 | G15: 15.88-0-2-ERW 1-PE | H15: ERW 1 | I15: NFC | J15: =SUM(M15:R15) -> 0 | K15: =(6075)/1000 -> 6.075 | L15: =ROUND(SUMIFS(Table3[Stock],Table3[key],Table1[[#This Row],[key]])/1000+SUMIFS(Table3[In Transit],Table3[key],Table1[[#This Row],[key]])/1000,2) -> 0
A16: 13 | D16: 16.8 | E16: 2.4 | F16: 3.75 | G16: 16.1-10.4-2.7-CEW-CEW | H16: ERW 1 | I16: NFC | J16: =SUM(M16:R16) -> 0 | L16: =ROUND(SUMIFS(Table3[Stock],Table3[key],Table1[[#This Row],[key]])/1000+SUMIFS(Table3[In Transit],Table3[key],Table1[[#This Row],[key]])/1000,2) -> 0
A17: 14 | D17: 18.2 | E17: 1 | F17: 2.607 | G17: 18.2-0-1-ERW 1-PE | H17: ERW 1 | I17: NFC | J17: =SUM(M17:R17) -> 5 | K17: =(593+424+424+127+212)/1000 -> 1.78 | L17: =ROUND(SUMIFS(Table3[Stock],Table3[key],Table1[[#This Row],[key]])/1000+SUMIFS(Table3[In Transit],Table3[key],Table1[[#This Row],[key]])/1000,2) -> 6.26 | M17: 5
A18: 15 | C18: 943210 | D18: 19.05 | E18: 1.4 | F18: 3.656 | H18: ERW 2 | I18: NFC | J18: =SUM(M18:R18) -> 0 | L18: =ROUND(SUMIFS(Table3[Stock],Table3[key],Table1[[#This Row],[key]])/1000+SUMIFS(Table3[In Transit],Table3[key],Table1[[#This Row],[key]])/1000,2) -> 0
A19: 18 | C19: 943209 | D19: 19.05 | E19: 2 | F19: 4.878 | G19: 19.05-0-2-ERW 1-PE | H19: ERW 1 | I19: NFC | J19: 65 | K19: =(4899+1103+3634+1379+1379+3322+5930+5554+2114+689+1379+1241)/1000 -> 32.623 | L19: =ROUND(SUMIFS(Table3[Stock],Table3[key],Table1[[#This Row],[key]])/1000+SUMIFS(Table3[In Transit],Table3[key],Table1[[#This Row],[key]])/1000,2) -> 4.71 | M19: 45 | N19: 3 | P19: 17
A20: 20 | D20: 19.05 | E20: 2.3 | F20: 6.651 | G20: 19.05-0-2.3-ERW 1-PE | H20: ERW 1 | I20: NFC | J20: 34 | K20: =(475+2345+2688+2071+3776+7089+3109+1216+3002)/1000 -> 25.771 | L20: =ROUND(SUMIFS(Table3[Stock],Table3[key],Table1[[#This Row],[key]])/1000+SUMIFS(Table3[In Transit],Table3[key],Table1[[#This Row],[key]])/1000,2) -> 17.23 | M20: 30 | N20: 4
A21: 24 | C21: 943209 | D21: 21.4 | E21: 1.6 | F21: 4.688 | G21: 21.4-0-1.6-ERW 1-PE | H21: ERW 1 | I21: NFC | J21: =SUM(M21:R21) -> 5 | K21: =(73)/1000 -> 0.073 | L21: =ROUND(SUMIFS(Table3[Stock],Table3[key],Table1[[#This Row],[key]])/1000+SUMIFS(Table3[In Transit],Table3[key],Table1[[#This Row],[key]])/1000,2) -> 0 | M21: 5
A22: 25 | C22: 943209 | D22: 21.4 | E22: 2 | H22: ERW 1 | I22: NFC | J22: =SUM(M22:R22) -> 0 | L22: =ROUND(SUMIFS(Table3[Stock],Table3[key],Table1[[#This Row],[key]])/1000+SUMIFS(Table3[In Transit],Table3[key],Table1[[#This Row],[key]])/1000,2) -> 0
A23: 26 | D23: 22.2 | E23: 1.2 | F23: 3.648 | G23: 22.23-0-1.2-ERW 1-PE | H23: ERW 1 | I23: NFC | J23: 19.5 | K23: =(2156+1175+964+967+498+227+1061+1198+1625+389+893+693)/1000 -> 11.846 | L23: =ROUND(SUMIFS(Table3[Stock],Table3[key],Table1[[#This Row],[key]])/1000+SUMIFS(Table3[In Transit],Table3[key],Table1[[#This Row],[key]])/1000,2) -> 21.04 | M23: 18 | N23: 1.5
A24: 28 | C24: 943209 | D24: 22.2 | E24: 1.4 | F24: 4.309 | H24: ERW 2 | I24: NFC | J24: =SUM(M24:R24) -> 0 | L24: =ROUND(SUMIFS(Table3[Stock],Table3[key],Table1[[#This Row],[key]])/1000+SUMIFS(Table3[In Transit],Table3[key],Table1[[#This Row],[key]])/1000,2) -> 0
A25: 29 | C25: 943209 | D25: 22.2 | E25: 1.6 | F25: 4.609 | G25: 22.23-0-1.6-ERW 1-PE | H25: ERW 1 | I25: NFC | J25: 106 | K25: =(10477+9811+3436+3431+7478+1854+10424+7865+2597+5930+8857+3226)/1000 -> 75.386 | L25: =ROUND(SUMIFS(Table3[Stock],Table3[key],Table1[[#This Row],[key]])/1000+SUMIFS(Table3[In Transit],Table3[key],Table1[[#This Row],[key]])/1000,2) -> 139.45 | M25: 80 | N25: 1 | O25: 25
A26: 35 | C26: 943209 | D26: 22.2 | E26: 2 | F26: 5.38 | G26: 22.23-0-2-ERW 1-FC | H26: ERW 1 | I26: FC | J26: =SUM(M26:R26) -> 0 | L26: =ROUND(SUMIFS(Table3[Stock],Table3[key],Table1[[#This Row],[key]])/1000+SUMIFS(Table3[In Transit],Table3[key],Table1[[#This Row],[key]])/1000,2) -> 34.19
A27: 36 | D27: 22.2 | E27: 2 | J27: =SUM(M27:R27) -> 0 | L27: =ROUND(SUMIFS(Table3[Stock],Table3[key],Table1[[#This Row],[key]])/1000+SUMIFS(Table3[In Transit],Table3[key],Table1[[#This Row],[key]])/1000,2) -> 0
A28: 37 | D28: 22.2 | E28: 2 | H28: ERW 1 | I28: NFC | J28: =SUM(M28:R28) -> 0 | L28: =ROUND(SUMIFS(Table3[Stock],Table3[key],Table1[[#This Row],[key]])/1000+SUMIFS(Table3[In Transit],Table3[key],Table1[[#This Row],[key]])/1000,2) -> 0
A29: 38 | C29: 943209 | D29: 22.2 | E29: 2 | F29: 5.928 | G29: 22.23-0-2-ERW 1-PE | H29: ERW 1 | I29: NFC | J29: =SUM(M29:R29) -> 150 | K29: =(18615+15009+13801+6900+3404+12621+18743+15333+8034+18649+8128+12297)/1000 -> 151.534 | L29: =ROUND(SUMIFS(Table3[Stock],Table3[key],Table1[[#This Row],[key]])/1000+SUMIFS(Table3[In Transit],Table3[key],Table1[[#This Row],[key]])/1000,2) -> 82.92 | M29: 90 | Q29: 60
A30: 39 | C30: 943209 | D30: 22.2 | E30: 2 | F30: 5.978 | G30: 22.23-0-2-ERW 2-FC | H30: ERW 2 | I30: FC | J30: =SUM(M30:R30) -> 60 | L30: =ROUND(SUMIFS(Table3[Stock],Table3[key],Table1[[#This Row],[key]])/1000+SUMIFS(Table3[In Transit],Table3[key],Table1[[#This Row],[key]])/1000,2) -> 35.25 | M30: 60
A31: 40 | D31: 22.2 | E31: 2.3 | F31: 6.502 | G31: 22.23-0-2.3-ERW 1-PE | H31: ERW 2 | I31: NFC | J31: =SUM(M31:R31) -> 0 | L31: =ROUND(SUMIFS(Table3[Stock],Table3[key],Table1[[#This Row],[key]])/1000+SUMIFS(Table3[In Transit],Table3[key],Table1[[#This Row],[key]])/1000,2) -> 0
A32: 42 | C32: 943210 | D32: 25.4 | E32: 1.4 | F32: 4.583 | H32: ERW 2 | I32: FC | J32: =SUM(M32:R32) -> 0 | L32: =ROUND(SUMIFS(Table3[Stock],Table3[key],Table1[[#This Row],[key]])/1000+SUMIFS(Table3[In Transit],Table3[key],Table1[[#This Row],[key]])/1000,2) -> 0
A33: 43 | C33: 943210 | D33: 25.4 | E33: 1.4 | H33: ERW 1 | I33: FC | J33: =SUM(M33:R33) -> 0 | L33: =ROUND(SUMIFS(Table3[Stock],Table3[key],Table1[[#This Row],[key]])/1000+SUMIFS(Table3[In Transit],Table3[key],Table1[[#This Row],[key]])/1000,2) -> 0
A34: 44 | D34: 25.4 | E34: 1.6 | G34: 25.4-0-1.6-ERW 1-FC | H34: ERW 1 | I34: NFC | J34: 41 | K34: =(4840+2558+4825+976+4135+3161+10401)/1000 -> 30.896 | L34: =ROUND(SUMIFS(Table3[Stock],Table3[key],Table1[[#This Row],[key]])/1000+SUMIFS(Table3[In Transit],Table3[key],Table1[[#This Row],[key]])/1000,2) -> 41.07 | M34: 41
A35: 45 | D35: 25.4 | E35: 1.6 | J35: =SUM(M35:R35) -> 0 | L35: =ROUND(SUMIFS(Table3[Stock],Table3[key],Table1[[#This Row],[key]])/1000+SUMIFS(Table3[In Transit],Table3[key],Table1[[#This Row],[key]])/1000,2) -> 0
A36: 47 | C36: 943209 | D36: 25.4 | E36: 2 | F36: 6.74 | G36: 25.4-0-2-ERW 1-FC | H36: ERW 1 | I36: NFC | J36: =SUM(M36:R36) -> 10 | K36: =(7540+1845+898+3266+4130+1633)/1000 -> 19.312 | L36: =ROUND(SUMIFS(Table3[Stock],Table3[key],Table1[[#This Row],[key]])/1000+SUMIFS(Table3[In Transit],Table3[key],Table1[[#This Row],[key]])/1000,2) -> 27.5 | M36: 10
A37: 48 | C37: 943209 | D37: 25.4 | E37: 2 | H37: ERW 1 | I37: NFC | J37: =SUM(M37:R37) -> 0 | L37: =ROUND(SUMIFS(Table3[Stock],Table3[key],Table1[[#This Row],[key]])/1000+SUMIFS(Table3[In Transit],Table3[key],Table1[[#This Row],[key]])/1000,2) -> 0
A38: 50 | C38: 943209 | D38: 25.4 | E38: 2.5 | F38: 7.808 | G38: 25.4-0-2.5-ERW 1-FC | H38: ERW 1 | I38: FC | J38: =SUM(M38:R38) -> 56 | L38: =ROUND(SUMIFS(Table3[Stock],Table3[key],Table1[[#This Row],[key]])/1000+SUMIFS(Table3[In Transit],Table3[key],Table1[[#This Row],[key]])/1000,2) -> 44.17 | M38: 56
A39: 51 | D39: 25.4 | E39: 2.5 | F39: 8.33 | G39: 25.4-0-2.5-ERW 1-FC | H39: ERW 1 | I39: FC | J39: =SUM(M39:R39) -> 0 | K39: =(16582+6632+13625+13265+10200+5527)/1000 -> 65.831 | L39: =ROUND(SUMIFS(Table3[Stock],Table3[key],Table1[[#This Row],[key]])/1000+SUMIFS(Table3[In Transit],Table3[key],Table1[[#This Row],[key]])/1000,2) -> 0
A40: 52 | D40: 25.4 | E40: 2.6 | F40: 5.117 | G40: 25.4-0-2.5-CEW-CEW | H40: CEW | I40: FC | J40: =SUM(M40:R40) -> 0 | L40: =ROUND(SUMIFS(Table3[Stock],Table3[key],Table1[[#This Row],[key]])/1000+SUMIFS(Table3[In Transit],Table3[key],Table1[[#This Row],[key]])/1000,2) -> 3.48
A41: 54 | D41: 25.4 | E41: 4 | F41: 9.289 | H41: CEW | I41: FC | J41: =SUM(M41:R41) -> 0 | L41: =ROUND(SUMIFS(Table3[Stock],Table3[key],Table1[[#This Row],[key]])/1000+SUMIFS(Table3[In Transit],Table3[key],Table1[[#This Row],[key]])/1000,2) -> 0
A42: 55 | C42: 943209 | D42: 28.58 | E42: 1.2 | F42: 4.862 | G42: 28.58-0-1.2-ERW 1-PE | H42: ERW 1 | I42: FC | J42: =SUM(M42:R42) -> 0 | L42: =ROUND(SUMIFS(Table3[Stock],Table3[key],Table1[[#This Row],[key]])/1000+SUMIFS(Table3[In Transit],Table3[key],Table1[[#This Row],[key]])/1000,2) -> 0
A43: 56 | D43: 28.58 | E43: 2.6 | F43: 7.496 | G43: 28.6-0-2.65-CEW-CEW | H43: CEW | I43: FC | J43: =SUM(M43:R43) -> 8 | L43: =ROUND(SUMIFS(Table3[Stock],Table3[key],Table1[[#This Row],[key]])/1000+SUMIFS(Table3[In Transit],Table3[key],Table1[[#This Row],[key]])/1000,2) -> 0 | M43: 3 | Q43: 5
A44: 58 | C44: 943210 | D44: 28.58 | E44: 3.2 | F44: 12.017 | H44: ERW 1 | I44: FC | J44: =SUM(M44:R44) -> 0 | L44: =ROUND(SUMIFS(Table3[Stock],Table3[key],Table1[[#This Row],[key]])/1000+SUMIFS(Table3[In Transit],Table3[key],Table1[[#This Row],[key]])/1000,2) -> 0
A45: 59 | D45: 29.4 | E45: 4.5 | G45: 29.4-20.4-4.5-CEW-CEW | H45: CEW | I45: FC | J45: =SUM(M45:R45) -> 25 | L45: =ROUND(SUMIFS(Table3[Stock],Table3[key],Table1[[#This Row],[key]])/1000+SUMIFS(Table3[In Transit],Table3[key],Table1[[#This Row],[key]])/1000,2) -> 0 | R45: 25
A46: 60 | D46: 30 | E46: 3 | F46: 6.992 | H46: CEW | I46: FC | J46: =SUM(M46:R46) -> 0 | L46: =ROUND(SUMIFS(Table3[Stock],Table3[key],Table1[[#This Row],[key]])/1000+SUMIFS(Table3[In Transit],Table3[key],Table1[[#This Row],[key]])/1000,2) -> 0
A47: 61 | D47: 31.75 | E47: 1.2 | G47: 31.75-0-1.2-ERW 1-FC | H47: ERW 1 | I47: FC | J47: =SUM(M47:R47) -> 5 | K47: =(537+1613+2652)/1000 -> 4.802 | L47: =ROUND(SUMIFS(Table3[Stock],Table3[key],Table1[[#This Row],[key]])/1000+SUMIFS(Table3[In Transit],Table3[key],Table1[[#This Row],[key]])/1000,2) -> 22.28 | N47: 5
A48: 63 | D48: 31.75 | E48: 2 | F48: 8.657 | H48: ERW 1 | I48: FC | J48: =SUM(M48:R48) -> 0 | L48: =ROUND(SUMIFS(Table3[Stock],Table3[key],Table1[[#This Row],[key]])/1000+SUMIFS(Table3[In Transit],Table3[key],Table1[[#This Row],[key]])/1000,2) -> 0
A49: 64 | C49: 943209 | D49: 31.75 | E49: 2.3 | F49: 10.023 | G49: 31.75-0-2.3-ERW 1-FC | H49: ERW 1 | I49: FC | J49: =SUM(M49:R49) -> 15 | K49: =(1773+4191+1289+1289+644+1160+3153+967)/1000 -> 14.466 | L49: =ROUND(SUMIFS(Table3[Stock],Table3[key],Table1[[#This Row],[key]])/1000+SUMIFS(Table3[In Transit],Table3[key],Table1[[#This Row],[key]])/1000,2) -> 22.29 | M49: 15
A50: 66 | D50: 31.75 | E50: 3.65 | F50: 15.176 | H50: CEW | I50: FC | J50: =SUM(M50:R50) -> 0 | L50: =ROUND(SUMIFS(Table3[Stock],Table3[key],Table1[[#This Row],[key]])/1000+SUMIFS(Table3[In Transit],Table3[key],Table1[[#This Row],[key]])/1000,2) -> 0
A51: 67 | D51: 31.9 | E51: 4.55 | F51: 13.964 | H51: CEW | I51: FC | J51: =SUM(M51:R51) -> 0 | L51: =ROUND(SUMIFS(Table3[Stock],Table3[key],Table1[[#This Row],[key]])/1000+SUMIFS(Table3[In Transit],Table3[key],Table1[[#This Row],[key]])/1000,2) -> 0
A52: 68 | C52: 943210 | D52: 34 | E52: 1.4 | F52: 7.339 | H52: ERW 1 | I52: FC | J52: =SUM(M52:R52) -> 0 | L52: =ROUND(SUMIFS(Table3[Stock],Table3[key],Table1[[#This Row],[key]])/1000+SUMIFS(Table3[In Transit],Table3[key],Table1[[#This Row],[key]])/1000,2) -> 0
A53: 69 | C53: 943211 | D53: 34.93 | E53: 1.2 | F53: 5.091 | G53: 34.93-0-1.2-ERW 1-FC | H53: ERW 1 | I53: FC | J53: =SUM(M53:R53) -> 1 | K53: =(673+673)/1000 -> 1.346 | L53: =ROUND(SUMIFS(Table3[Stock],Table3[key],Table1[[#This Row],[key]])/1000+SUMIFS(Table3[In Transit],Table3[key],Table1[[#This Row],[key]])/1000,2) -> 10.95 | N53: 1
A54: 70 | C54: 943211 | D54: 34.93 | E54: 1.2 | H54: ERW 1 | I54: FC | J54: =SUM(M54:R54) -> 0 | L54: =ROUND(SUMIFS(Table3[Stock],Table3[key],Table1[[#This Row],[key]])/1000+SUMIFS(Table3[In Transit],Table3[key],Table1[[#This Row],[key]])/1000,2) -> 0
A55: 72 | D55: 34.93 | E55: 1.2 | F55: 620 | H55: ERW 1 | J55: =SUM(M55:R55) -> 0 | L55: =ROUND(SUMIFS(Table3[Stock],Table3[key],Table1[[#This Row],[key]])/1000+SUMIFS(Table3[In Transit],Table3[key],Table1[[#This Row],[key]])/1000,2) -> 0
A56: 73 | D56: 34.93 | E56: 1.2 | F56: 650 | H56: ERW 1 | J56: =SUM(M56:R56) -> 0 | L56: =ROUND(SUMIFS(Table3[Stock],Table3[key],Table1[[#This Row],[key]])/1000+SUMIFS(Table3[In Transit],Table3[key],Table1[[#This Row],[key]])/1000,2) -> 0
A57: 74 | D57: 34.93 | E57: 1.2 | F57: 780 | H57: ERW 1 | J57: =SUM(M57:R57) -> 0 | L57: =ROUND(SUMIFS(Table3[Stock],Table3[key],Table1[[#This Row],[key]])/1000+SUMIFS(Table3[In Transit],Table3[key],Table1[[#This Row],[key]])/1000,2) -> 0
A58: 75 | D58: 38.1 | E58: 1.6 | F58: 7.201 | G58: 38.1-0-1.6-ERW 1-FC | H58: ERW 1 | I58: FC | J58: =SUM(M58:R58) -> 0 | L58: =ROUND(SUMIFS(Table3[Stock],Table3[key],Table1[[#This Row],[key]])/1000+SUMIFS(Table3[In Transit],Table3[key],Table1[[#This Row],[key]])/1000,2) -> 6.32
A59: 76 | C59: 943209 | D59: 38.1 | E59: 1.6 | F59: 8.915 | G59: 38.1-0-1.6-ERW 2 MAHS-FC | H59: ERW 2 | I59: FC | J59: =SUM(M59:R59) -> 64 | K59: =(5040+4415+2460+6570+4020+6469+3780+5677+2529+63)/1000 -> 41.023 | L59: =ROUND(SUMIFS(Table3[Stock],Table3[key],Table1[[#This Row],[key]])/1000+SUMIFS(Table3[In Transit],Table3[key],Table1[[#This Row],[key]])/1000,2) -> 17.66 | M59: 44 | N59: 20
A60: 78 | C60: 943209 | D60: 38.1 | E60: 2 | F60: 10.06 | G60: 38.1-0-2-ERW 1-FC | H60: ERW 1 | I60: FC | J60: =SUM(M60:R60) -> 10 | K60: =(3958+3143+986+710+3987+953+3625+654+741+2466+896+986)/1000 -> 23.105 | L60: =ROUND(SUMIFS(Table3[Stock],Table3[key],Table1[[#This Row],[key]])/1000+SUMIFS(Table3[In Transit],Table3[key],Table1[[#This Row],[key]])/1000,2) -> 42.44 | N60: 10
A61: 79 | C61: 943209 | D61: 38.1 | E61: 2.5 | F61: 13.586 | G61: 38.1-0-2.5-ERW 2 MAHS-FC | H61: ERW 2 | I61: FC | J61: =SUM(M61:R61) -> 97 | K61: =(2788+2887+2890+3841+3224+5761+8652+3854+5880)/1000 -> 39.777 | L61: =ROUND(SUMIFS(Table3[Stock],Table3[key],Table1[[#This Row],[key]])/1000+SUMIFS(Table3[In Transit],Table3[key],Table1[[#This Row],[key]])/1000,2) -> 99.86 | M61: 67 | N61: 30
A62: 80 | C62: 943211 | D62: 38.1 | E62: 3.2 | H62: ERW 2 | I62: FC | J62: =SUM(M62:R62) -> 0 | L62: =ROUND(SUMIFS(Table3[Stock],Table3[key],Table1[[#This Row],[key]])/1000+SUMIFS(Table3[In Transit],Table3[key],Table1[[#This Row],[key]])/1000,2) -> 0
A63: 81 | C63: 943211 | D63: 38.1 | E63: 3.2 | H63: cew | J63: =SUM(M63:R63) -> 0 | L63: =ROUND(SUMIFS(Table3[Stock],Table3[key],Table1[[#This Row],[key]])/1000+SUMIFS(Table3[In Transit],Table3[key],Table1[[#This Row],[key]])/1000,2) -> 0
A64: 83 | B64: 40X25 | C64: 943209 | D64: 41.28 | E64: 1.6 | F64: 9.5 | G64: 40-25-1.6-ERW 1-FC | H64: ERW 1 | I64: FC | J64: =SUM(M64:R64) -> 13 | K64: =(2504+901+1002+1002+501+2054+1102+862+501+952)/1000 -> 11.381 | L64: =ROUND(SUMIFS(Table3[Stock],Table3[key],Table1[[#This Row],[key]])/1000+SUMIFS(Table3[In Transit],Table3[key],Table1[[#This Row],[key]])/1000,2) -> 13.88 | M64: 10 | N64: 3
A65: 84 | B65: 40X25 | D65: 41.28 | E65: 1.6 | J65: =SUM(M65:R65) -> 0 | L65: =ROUND(SUMIFS(Table3[Stock],Table3[key],Table1[[#This Row],[key]])/1000+SUMIFS(Table3[In Transit],Table3[key],Table1[[#This Row],[key]])/1000,2) -> 0
A66: 85 | C66: 943209 | D66: 41.28 | E66: 2.6 | F66: 14.881 | G66: 41.28-0-2.6-ERW 1-FC | H66: ERW 1 | I66: FC | J66: =SUM(M66:R66) -> 85 | K66: =(3782+15422+6227+16825+5002+5899+3154+10097+4206+10515)/1000 -> 81.129 | L66: =ROUND(SUMIFS(Table3[Stock],Table3[key],Table1[[#This Row],[key]])/1000+SUMIFS(Table3[In Transit],Table3[key],Table1[[#This Row],[key]])/1000,2) -> 6.6 | M66: 85
A67: 87 | C67: 943210 | D67: 41.28 | E67: 3.15 | F67: 17.417 | G67: 41.28-0-3.2-ERW 1-FC | H67: ERW 1 | I67: FC | J67: =SUM(M67:R67) -> 57 | K67: =(5551+7373+4440+2962+1811+6733+2962+2823+2962)/1000 -> 37.617 | L67: =ROUND(SUMIFS(Table3[Stock],Table3[key],Table1[[#This Row],[key]])/1000+SUMIFS(Table3[In Transit],Table3[key],Table1[[#This Row],[key]])/1000,2) -> 4.11 | M67: 30 | N67: 20 | P67: 7
A68: 89 | D68: 41.28 | E68: 3.15 | J68: =SUM(M68:R68) -> 0 | L68: =ROUND(SUMIFS(Table3[Stock],Table3[key],Table1[[#This Row],[key]])/1000+SUMIFS(Table3[In Transit],Table3[key],Table1[[#This Row],[key]])/1000,2) -> 0
A69: 90 | C69: 943210 | D69: 42.7 | E69: 1.6 | H69: ERW 2 | I69: FC | J69: =SUM(M69:R69) -> 0 | L69: =ROUND(SUMIFS(Table3[Stock],Table3[key],Table1[[#This Row],[key]])/1000+SUMIFS(Table3[In Transit],Table3[key],Table1[[#This Row],[key]])/1000,2) -> 0
A70: 92 | C70: 943209 | D70: 42.7 | E70: 3.5 | F70: 20.471 | G70: 42.7-0-3.5-ERW 1-FC | H70: ERW 1 | I70: FC | J70: =SUM(M70:R70) -> 1.5 | K70: =(305+1051+1074)/1000 -> 2.43 | L70: =ROUND(SUMIFS(Table3[Stock],Table3[key],Table1[[#This Row],[key]])/1000+SUMIFS(Table3[In Transit],Table3[key],Table1[[#This Row],[key]])/1000,2) -> 51.75 | N70: 1.5
A71: 93 | C71: 943209 | D71: 42.7 | E71: 4 | F71: 20.997 | G71: 42.7-0-4-ERW 1-FC | H71: ERW 1 | I71: FC | J71: =SUM(M71:R71) -> 38 | K71: =(5273+1595+5115+906+3989+2643+4537+4787+529+3191+2393)/1000 -> 34.958 | L71: =ROUND(SUMIFS(Table3[Stock],Table3[key],Table1[[#This Row],[key]])/1000+SUMIFS(Table3[In Transit],Table3[key],Table1[[#This Row],[key]])/1000,2) -> 31.75 | M71: 25 | N71: 10 | P71: 3
A72: 94 | B72: 40X30 | C72: 943209 | D72: 44.45 | E72: 1.6 | F72: 10.02 | G72: 40-30-1.6-ERW 1-FC | H72: ERW 1 | I72: FC | J72: =SUM(M72:R72) -> 15 | K72: =(1411+1274+2117+2117+2196)/1000 -> 9.115 | L72: =ROUND(SUMIFS(Table3[Stock],Table3[key],Table1[[#This Row],[key]])/1000+SUMIFS(Table3[In Transit],Table3[key],Table1[[#This Row],[key]])/1000,2) -> 0 | N72: 15
A73: 96 | C73: 943210 | D73: 45 | E73: 1.4 | F73: 8.58 | H73: ERW 1 | I73: FC | J73: =SUM(M73:R73) -> 0 | L73: =ROUND(SUMIFS(Table3[Stock],Table3[key],Table1[[#This Row],[key]])/1000+SUMIFS(Table3[In Transit],Table3[key],Table1[[#This Row],[key]])/1000,2) -> 0
A74: 97 | C74: 943210 | D74: 45 | E74: 1.4 | F74: 9.634 | H74: ERW 2 | I74: FC | J74: =SUM(M74:R74) -> 0 | L74: =ROUND(SUMIFS(Table3[Stock],Table3[key],Table1[[#This Row],[key]])/1000+SUMIFS(Table3[In Transit],Table3[key],Table1[[#This Row],[key]])/1000,2) -> 0
A75: 98 | D75: 45 | E75: 1.4 | F75: 9.724 | H75: ERW 2 | I75: FC | J75: =SUM(M75:R75) -> 0 | L75: =ROUND(SUMIFS(Table3[Stock],Table3[key],Table1[[#This Row],[key]])/1000+SUMIFS(Table3[In Transit],Table3[key],Table1[[#This Row],[key]])/1000,2) -> 0
A76: 99 | C76: 943210 | D76: 45 | E76: 1.6 | F76: 10.96 | H76: ERW 2 | I76: FC | J76: =SUM(M76:R76) -> 0 | L76: =ROUND(SUMIFS(Table3[Stock],Table3[key],Table1[[#This Row],[key]])/1000+SUMIFS(Table3[In Transit],Table3[key],Table1[[#This Row],[key]])/1000,2) -> 0
A77: 100 | D77: 45 | E77: 3.5 | F77: 10.96 | H77: CEW | I77: FC | J77: =SUM(M77:R77) -> 0 | L77: =ROUND(SUMIFS(Table3[Stock],Table3[key],Table1[[#This Row],[key]])/1000+SUMIFS(Table3[In Transit],Table3[key],Table1[[#This Row],[key]])/1000,2) -> 0
A78: 101 | D78: 47.63 | E78: 4 | F78: 25.824 | H78: CEW | I78: FC | J78: =SUM(M78:R78) -> 0 | L78: =ROUND(SUMIFS(Table3[Stock],Table3[key],Table1[[#This Row],[key]])/1000+SUMIFS(Table3[In Transit],Table3[key],Table1[[#This Row],[key]])/1000,2) -> 0
A79: 102 | C79: 943211 | D79: 48 | E79: 1.2 | H79: ERW 1 | I79: FC | J79: =SUM(M79:R79) -> 0 | K79: =(1468)/1000 -> 1.468 | L79: =ROUND(SUMIFS(Table3[Stock],Table3[key],Table1[[#This Row],[key]])/1000+SUMIFS(Table3[In Transit],Table3[key],Table1[[#This Row],[key]])/1000,2) -> 0
A80: 103 | C80: 943211 | D80: 48 | E80: 1.2 | H80: ERW 1 | I80: FC | J80: =SUM(M80:R80) -> 0 | L80: =ROUND(SUMIFS(Table3[Stock],Table3[key],Table1[[#This Row],[key]])/1000+SUMIFS(Table3[In Transit],Table3[key],Table1[[#This Row],[key]])/1000,2) -> 0
A81: 104 | C81: 943211 | D81: 48 | E81: 1.2 | F81: 25.824 | H81: ERW 1 | I81: FC | J81: =SUM(M81:R81) -> 0 | L81: =ROUND(SUMIFS(Table3[Stock],Table3[key],Table1[[#This Row],[key]])/1000+SUMIFS(Table3[In Transit],Table3[key],Table1[[#This Row],[key]])/1000,2) -> 0
A82: 106 | B82: 59X30 | C82: 943209 | D82: 48.6 | E82: 1.6 | F82: 11.12 | G82: 59-30-1.6-ERW 1-FIN CUT | H82: ERW 1 | I82: FC | J82: =SUM(M82:R82) -> 1 | K82: =(344+1596+537)/1000 -> 2.477 | L82: =ROUND(SUMIFS(Table3[Stock],Table3[key],Table1[[#This Row],[key]])/1000+SUMIFS(Table3[In Transit],Table3[key],Table1[[#This Row],[key]])/1000,2) -> 1.64 | M82: 1
A83: 107 | C83: 943210 | D83: 48.6 | E83: 2 | F83: 14.411 | H83: ERW 2 | I83: FC | J83: =SUM(M83:R83) -> 0 | L83: =ROUND(SUMIFS(Table3[Stock],Table3[key],Table1[[#This Row],[key]])/1000+SUMIFS(Table3[In Transit],Table3[key],Table1[[#This Row],[key]])/1000,2) -> 0
A84: 108 | D84: 48.6 | E84: 2 | J84: =SUM(M84:R84) -> 0 | L84: =ROUND(SUMIFS(Table3[Stock],Table3[key],Table1[[#This Row],[key]])/1000+SUMIFS(Table3[In Transit],Table3[key],Table1[[#This Row],[key]])/1000,2) -> 0
A85: 109 | D85: 48.6 | E85: 2.3 | F85: 15.055 | H85: ERW 2 | I85: FC | J85: =SUM(M85:R85) -> 0 | L85: =ROUND(SUMIFS(Table3[Stock],Table3[key],Table1[[#This Row],[key]])/1000+SUMIFS(Table3[In Transit],Table3[key],Table1[[#This Row],[key]])/1000,2) -> 0
A86: 110 | D86: 48.6 | E86: 2.3 | F86: 15.783 | H86: ERW 1 | I86: FC | J86: =SUM(M86:R86) -> 0 | L86: =ROUND(SUMIFS(Table3[Stock],Table3[key],Table1[[#This Row],[key]])/1000+SUMIFS(Table3[In Transit],Table3[key],Table1[[#This Row],[key]])/1000,2) -> 0
A87: 111 | C87: 943210 | D87: 48.6 | E87: 2.3 | F87: 16.466 | H87: ERW 2 | I87: FC | J87: =SUM(M87:R87) -> 0 | L87: =ROUND(SUMIFS(Table3[Stock],Table3[key],Table1[[#This Row],[key]])/1000+SUMIFS(Table3[In Transit],Table3[key],Table1[[#This Row],[key]])/1000,2) -> 0
A88: 113 | C88: 943209 | D88: 48.6 | E88: 3.5 | F88: 23.357 | G88: 48.6-0-3.5-ERW 1-FC | H88: ERW 1 | I88: FC | J88: =SUM(M88:R88) -> 10 | K88: =(1380+3990+1944+2394+1596)/1000 -> 11.304 | L88: =ROUND(SUMIFS(Table3[Stock],Table3[key],Table1[[#This Row],[key]])/1000+SUMIFS(Table3[In Transit],Table3[key],Table1[[#This Row],[key]])/1000,2) -> 47.27 | M88: 10
A89: 114 | D89: 50.8 | E89: 2.6 | F89: 18.543 | H89: ERW 1 | I89: FC | J89: =SUM(M89:R89) -> 0 | L89: =ROUND(SUMIFS(Table3[Stock],Table3[key],Table1[[#This Row],[key]])/1000+SUMIFS(Table3[In Transit],Table3[key],Table1[[#This Row],[key]])/1000,2) -> 0
A90: 115 | C90: 943211 | D90: 50.8 | E90: 2.6 | F90: 18.543 | H90: ERW 1 | I90: FC | J90: =SUM(M90:R90) -> 0 | L90: =ROUND(SUMIFS(Table3[Stock],Table3[key],Table1[[#This Row],[key]])/1000+SUMIFS(Table3[In Transit],Table3[key],Table1[[#This Row],[key]])/1000,2) -> 0
A91: 116 | C91: 943209 | D91: 54 | E91: 3 | F91: 21.847 | G91: 54-0-3-ERW 1-FC | H91: HST | I91: FC | J91: =SUM(M91:R91) -> 20 | K91: 0 | L91: =ROUND(SUMIFS(Table3[Stock],Table3[key],Table1[[#This Row],[key]])/1000+SUMIFS(Table3[In Transit],Table3[key],Table1[[#This Row],[key]])/1000,2) -> 48.84 | N91: 20
A92: 117 | C92: 943209 | D92: 57.15 | E92: 2.5 | F92: 19.239 | G92: 57.15-0-2.5-ERW 1-FC | H92: ERW 1 | I92: FC | J92: 178 | K92: =(24622+21051+24643+4700+13147+15082+18647+7008+3921+15678+23040+4468)/1000 -> 176.007 | L92: =ROUND(SUMIFS(Table3[Stock],Table3[key],Table1[[#This Row],[key]])/1000+SUMIFS(Table3[In Transit],Table3[key],Table1[[#This Row],[key]])/1000,2) -> 247.75 | M92: 80 | N92: 56 | P92: 42
A93: 121 | C93: 943210 | D93: 57.15 | E93: 3 | F93: 22.635 | H93: ERW 1 | I93: FC | J93: =SUM(M93:R93) -> 0 | L93: =ROUND(SUMIFS(Table3[Stock],Table3[key],Table1[[#This Row],[key]])/1000+SUMIFS(Table3[In Transit],Table3[key],Table1[[#This Row],[key]])/1000,2) -> 0
A94: 122 | D94: 57.15 | E94: 3 | H94: ERW 1 | J94: =SUM(M94:R94) -> 0 | L94: =ROUND(SUMIFS(Table3[Stock],Table3[key],Table1[[#This Row],[key]])/1000+SUMIFS(Table3[In Transit],Table3[key],Table1[[#This Row],[key]])/1000,2) -> 0
A95: 124 | C95: 943209 | D95: 60.3 | E95: 2 | F95: 14.655 | G95: 60.3-0-2-ERW 1-FC | H95: ERW 1 | I95: FC | J95: 54 | K95: =(7571+5440+5143+1509+3025+2717+14936+8524+3932+11187+5873)/1000 -> 69.857 | L95: =ROUND(SUMIFS(Table3[Stock],Table3[key],Table1[[#This Row],[key]])/1000+SUMIFS(Table3[In Transit],Table3[key],Table1[[#This Row],[key]])/1000,2) -> 9.71 | M95: 15 | N95: 9 | P95: 30
A96: 127 | B96: 50X50 | D96: 63.5 | E96: 1.6 | H96: ERW 1 | I96: FC | J96: =SUM(M96:R96) -> 0 | L96: =ROUND(SUMIFS(Table3[Stock],Table3[key],Table1[[#This Row],[key]])/1000+SUMIFS(Table3[In Transit],Table3[key],Table1[[#This Row],[key]])/1000,2) -> 0
K97: =SUM(K4:K95) -> 990.836 | L97: =SUM(L2:L95) -> 2335.24

Sheet vsm stock
H1: VSM To Update | L1: TSL to update
P2: =SUM(Table3[Schedule]) -> 1783501 | Q2: =SUM(Table3[Stock]) -> 1239154.4 | R2: =SUM(Table3[In Transit]) -> 277507
A3: S.NO | B3: Section | C3: Column1 | D3: O D | E3: Thk. | F3: Length | G3: Wt/Len | H3: key | I3: Grade | J3: FC/NFC | K3: HR/CR | L3: NOS | M3: 056 | N3: 0789 | O3: 0788 | P3: Schedule | Q3: Stock | R3: In Transit | S3: Column2 | T3: Coverage | U3: 056 Order | V3: 0789 Order | W3: 0788 Order | X3: 789 Order | Y3: Order qty to be logged | Z3: Coverage post order | AA3: Remark
A4: 1 | C4: 943209 | D4: 12.7 | E4: 1.2 | F4: 6 | G4: 2.042 | H4: 12.7-0-1.2-ERW 1-PE | I4: ERW 1 | J4: NFC | L4: 5032 | N4: 1939985 | P4: ='vsm req'!K4 -> 6000 | Q4: =((D4-E4)*E4*0.0246615*F4*L4) -> 10275.204 | R4: 0 | T4: =ROUND((Q4+Table3[[#This Row],[In Transit]])/P4*30,0) -> 51 | U4: 0 | Y4: =IF((45-Table3[[#This Row],[Coverage post order]])>0,Table3[[#This Row],[Schedule]]*1.5,0) -> 0 | Z4: =ROUND((Table3[[#This Row],[Stock]]+Table3[[#This Row],[056 Order]]+Table3[[#This Row],[0789 Order]]+Table3[[#This Row],[0788 Order]]+Table3[[#This Row],[In Transit]])/Table3[[#This Row],[Schedule]]*30,0) -> 51 | AA4: 789
A5: 2 | C5: 943210 | D5: 12.7 | E5: 1.4 | F5: 5.67 | G5: 2.212 | I5: ERW 1 | J5: NFC | L5: 393 | N5: 3552188 | P5: ='vsm req'!K5 -> 1500 | Q5: =((D5-E5)*E5*0.0246615*F5*L5) -> 869.36385 | T5: =ROUND((Q5+Table3[[#This Row],[In Transit]])/P5*30,0) -> 17 | V5: 2250 | Y5: =IF((45-Table3[[#This Row],[Coverage post order]])>0,Table3[[#This Row],[Schedule]]*1.5,0) -> 0 | Z5: =ROUND((Table3[[#This Row],[Stock]]+Table3[[#This Row],[056 Order]]+Table3[[#This Row],[0789 Order]]+Table3[[#This Row],[0788 Order]]+Table3[[#This Row],[In Transit]])/Table3[[#This Row],[Schedule]]*30,0) -> 62 | AA5: 0789
A6: 3 | D6: 12.7 | E6: 1.4 | F6: 6 | G6: 2.341 | I6: ERW 1 | J6: NFC | L6: 0 | N6: 1931117 | P6: ='vsm req'!K6 -> 0 | Q6: =((D6-E6)*E6*0.0246615*F6*L6) -> 0 | T6: =ROUND((Q6+Table3[[#This Row],[In Transit]])/P6*30,0) -> #DIV/0! | Y6: =IF((45-Table3[[#This Row],[Coverage post order]])>0,Table3[[#This Row],[Schedule]]*1.5,0) -> #DIV/0! | Z6: =ROUND((Table3[[#This Row],[Stock]]+Table3[[#This Row],[056 Order]]+Table3[[#This Row],[0789 Order]]+Table3[[#This Row],[0788 Order]]+Table3[[#This Row],[In Transit]])/Table3[[#This Row],[Schedule]]*30,0) -> #DIV/0!
A7: 4 | D7: 12.7 | E7: 1.4 | F7: 6.035 | G7: 2.355 | I7: ERW 1 | J7: NFC | L7: 0 | P7: ='vsm req'!K7 -> 0 | Q7: =((D7-E7)*E7*0.0246615*F7*L7) -> 0 | T7: =ROUND((Q7+Table3[[#This Row],[In Transit]])/P7*30,0) -> #DIV/0! | Y7: =IF((45-Table3[[#This Row],[Coverage post order]])>0,Table3[[#This Row],[Schedule]]*1.5,0) -> #DIV/0! | Z7: =ROUND((Table3[[#This Row],[Stock]]+Table3[[#This Row],[056 Order]]+Table3[[#This Row],[0789 Order]]+Table3[[#This Row],[0788 Order]]+Table3[[#This Row],[In Transit]])/Table3[[#This Row],[Schedule]]*30,0) -> #DIV/0!
A8: 5 | C8: 943210 | D8: 12.7 | E8: 1.6 | F8: 6 | G8: 2.628 | H8: 12.7-0-1.6-ERW 1-PE | I8: ERW 1 | J8: NFC | L8: 1043 | N8: 1931154 | P8: ='vsm req'!K8 -> 0 | Q8: =((D8-E8)*E8*0.0246615*F8*L8) -> 2740.9304 | T8: =ROUND((Q8+Table3[[#This Row],[In Transit]])/P8*30,0) -> #DIV/0! | Y8: =IF((45-Table3[[#This Row],[Coverage post order]])>0,Table3[[#This Row],[Schedule]]*1.5,0) -> #DIV/0! | Z8: =ROUND((Table3[[#This Row],[Stock]]+Table3[[#This Row],[056 Order]]+Table3[[#This Row],[0789 Order]]+Table3[[#This Row],[0788 Order]]+Table3[[#This Row],[In Transit]])/Table3[[#This Row],[Schedule]]*30,0) -> #DIV/0!
A9: 6 | D9: 12.7 | E9: 2 | F9: 6 | G9: 3.167 | I9: ERW 1 | J9: NFC | L9: 0 | P9: ='vsm req'!K9 -> 2000 | Q9: =((D9-E9)*E9*0.0246615*F9*L9) -> 0 | T9: =ROUND((Q9+Table3[[#This Row],[In Transit]])/P9*30,0) -> 0 | Y9: =IF((45-Table3[[#This Row],[Coverage post order]])>0,Table3[[#This Row],[Schedule]]*1.5,0) -> 3000 | Z9: =ROUND((Table3[[#This Row],[Stock]]+Table3[[#This Row],[056 Order]]+Table3[[#This Row],[0789 Order]]+Table3[[#This Row],[0788 Order]]+Table3[[#This Row],[In Transit]])/Table3[[#This Row],[Schedule]]*30,0) -> 0 | AA9: Check
D10: 14 | E10: 2.45 | F10: 5 | L10: 0 | P10: ='vsm req'!K10 -> 0 | Q10: =((D10-E10)*E10*0.0246615*F10*L10) -> 0 | T10: =ROUND((Q10+Table3[[#This Row],[In Transit]])/P10*30,0) -> #DIV/0! | Y10: =IF((45-Table3[[#This Row],[Coverage post order]])>0,Table3[[#This Row],[Schedule]]*1.5,0) -> #DIV/0! | Z10: =ROUND((Table3[[#This Row],[Stock]]+Table3[[#This Row],[056 Order]]+Table3[[#This Row],[0789 Order]]+Table3[[#This Row],[0788 Order]]+Table3[[#This Row],[In Transit]])/Table3[[#This Row],[Schedule]]*30,0) -> #DIV/0!
A11: 7 | D11: 15.88 | E11: 1 | F11: 6.19 | G11: 2.272 | H11: 15.88-0-1-ERW 1-PE | I11: ERW 1 | J11: NFC | L11: 0 | N11: 1940054 | P11: ='vsm req'!K11 -> 0 | Q11: =((D11-E11)*E11*0.0246615*F11*L11) -> 0 | T11: =ROUND((Q11+Table3[[#This Row],[In Transit]])/P11*30,0) -> #DIV/0! | Y11: =IF((45-Table3[[#This Row],[Coverage post order]])>0,Table3[[#This Row],[Schedule]]*1.5,0) -> #DIV/0! | Z11: =ROUND((Table3[[#This Row],[Stock]]+Table3[[#This Row],[056 Order]]+Table3[[#This Row],[0789 Order]]+Table3[[#This Row],[0788 Order]]+Table3[[#This Row],[In Transit]])/Table3[[#This Row],[Schedule]]*30,0) -> #DIV/0!
A12: 8 | C12: 943210 | D12: 15.88 | E12: 1.2 | F12: 6 | G12: 2.607 | H12: 15.88-0-1.2-ERW 1-PE | I12: ERW 1 | J12: NFC | L12: 602 | N12: 1940054 | P12: ='vsm req'!K12 -> 5000 | Q12: =((D12-E12)*E12*0.0246615*F12*L12) -> 1569.1864 | T12: =ROUND((Q12+Table3[[#This Row],[In Transit]])/P12*30,0) -> 9 | V12: 7500 | Y12: =IF((45-Table3[[#This Row],[Coverage post order]])>0,Table3[[#This Row],[Schedule]]*1.5,0) -> 0 | Z12: =ROUND((Table3[[#This Row],[Stock]]+Table3[[#This Row],[056 Order]]+Table3[[#This Row],[0789 Order]]+Table3[[#This Row],[0788 Order]]+Table3[[#This Row],[In Transit]])/Table3[[#This Row],[Schedule]]*30,0) -> 54 | AA12: 0789
A13: 9 | D13: 15.88 | E13: 1.4 | F13: 6 | G13: 2.607 | I13: ERW 1 | J13: NFC | L13: 2456 | P13: ='vsm req'!K13 -> 0 | Q13: =((D13-E13)*E13*0.0246615*F13*L13) -> 7367.0853 | T13: =ROUND((Q13+Table3[[#This Row],[In Transit]])/P13*30,0) -> #DIV/0! | Y13: =IF((45-Table3[[#This Row],[Coverage post order]])>0,Table3[[#This Row],[Schedule]]*1.5,0) -> #DIV/0! | Z13: =ROUND((Table3[[#This Row],[Stock]]+Table3[[#This Row],[056 Order]]+Table3[[#This Row],[0789 Order]]+Table3[[#This Row],[0788 Order]]+Table3[[#This Row],[In Transit]])/Table3[[#This Row],[Schedule]]*30,0) -> #DIV/0!
A14: 10 | D14: 15.88 | E14: 1.6 | F14: 6 | G14: 3.381 | H14: 15.88-0-1.6-ERW 1-PE | I14: ERW 1 | J14: NFC | L14: 3154 | N14: 1900224 | P14: ='vsm req'!K14 -> 1000 | Q14: =((D14-E14)*E14*0.0246615*F14*L14) -> 10663.03 | T14: =ROUND((Q14+Table3[[#This Row],[In Transit]])/P14*30,0) -> 320 | Y14: =IF((45-Table3[[#This Row],[Coverage post order]])>0,Table3[[#This Row],[Schedule]]*1.5,0) -> 0 | Z14: =ROUND((Table3[[#This Row],[Stock]]+Table3[[#This Row],[056 Order]]+Table3[[#This Row],[0789 Order]]+Table3[[#This Row],[0788 Order]]+Table3[[#This Row],[In Transit]])/Table3[[#This Row],[Schedule]]*30,0) -> 320
A15: 11 | C15: 943209 | D15: 15.88 | E15: 2 | F15: 6 | G15: 4.108 | H15: 15.88-0-2-ERW 1-PE | I15: ERW 1 | J15: NFC | L15: 0 | N15: 1940120 | P15: ='vsm req'!K15 -> 3000 | Q15: =((D15-E15)*E15*0.0246615*F15*L15) -> 0 | T15: =ROUND((Q15+Table3[[#This Row],[In Transit]])/P15*30,0) -> 0 | V15: 4500 | Y15: =IF((45-Table3[[#This Row],[Coverage post order]])>0,Table3[[#This Row],[Schedule]]*1.5,0) -> 0 | Z15: =ROUND((Table3[[#This Row],[Stock]]+Table3[[#This Row],[056 Order]]+Table3[[#This Row],[0789 Order]]+Table3[[#This Row],[0788 Order]]+Table3[[#This Row],[In Transit]])/Table3[[#This Row],[Schedule]]*30,0) -> 45 | AA15: 0789
A16: 12 | D16: 16.8 | E16: 2.4 | F16: 4.4 | G16: 3.75 | H16: 16.1-10.4-2.7-CEW-CEW | I16: ERW 1 | J16: NFC | L16: 0 | P16: ='vsm req'!K16 -> 0 | Q16: =((D16-E16)*E16*0.0246615*F16*L16) -> 0 | T16: =ROUND((Q16+Table3[[#This Row],[In Transit]])/P16*30,0) -> #DIV/0! | Y16: =IF((45-Table3[[#This Row],[Coverage post order]])>0,Table3[[#This Row],[Schedule]]*1.5,0) -> #DIV/0! | Z16: =ROUND((Table3[[#This Row],[Stock]]+Table3[[#This Row],[056 Order]]+Table3[[#This Row],[0789 Order]]+Table3[[#This Row],[0788 Order]]+Table3[[#This Row],[In Transit]])/Table3[[#This Row],[Schedule]]*30,0) -> #DIV/0!
A17: 13 | D17: 18.2 | E17: 1 | F17: 6.145 | G17: 2.607 | H17: 18.2-0-1-ERW 1-PE | I17: ERW 1 | J17: NFC | L17: 2400 | N17: 2288945 | P17: ='vsm req'!K17 -> 5000 | Q17: =((D17-E17)*E17*0.0246615*F17*L17) -> 6255.7742 | R17: 0 | T17: =ROUND((Q17+Table3[[#This Row],[In Transit]])/P17*30,0) -> 38 | Y17: =IF((45-Table3[[#This Row],[Coverage post order]])>0,Table3[[#This Row],[Schedule]]*1.5,0) -> 7500 | Z17: =ROUND((Table3[[#This Row],[Stock]]+Table3[[#This Row],[056 Order]]+Table3[[#This Row],[0789 Order]]+Table3[[#This Row],[0788 Order]]+Table3[[#This Row],[In Transit]])/Table3[[#This Row],[Schedule]]*30,0) -> 38 | AA17: don't log
A18: 14 | C18: 943210 | D18: 19.05 | E18: 1.4 | F18: 6 | G18: 3.656 | I18: ERW 2 | J18: NFC | L18: 1856 | M18: 3891285 | N18: 1931848 | P18: ='vsm req'!K18 -> 11000 | Q18: =((D18-E18)*E18*0.0246615*F18*L18) -> 6786.1188 | R18: 0 | T18: =ROUND((Q18+Table3[[#This Row],[In Transit]])/P18*30,0) -> 19 | U18: 10000 | Y18: =IF((45-Table3[[#This Row],[Coverage post order]])>0,Table3[[#This Row],[Schedule]]*1.5,0) -> 0 | Z18: =ROUND((Table3[[#This Row],[Stock]]+Table3[[#This Row],[056 Order]]+Table3[[#This Row],[0789 Order]]+Table3[[#This Row],[0788 Order]]+Table3[[#This Row],[In Transit]])/Table3[[#This Row],[Schedule]]*30,0) -> 46
A19: 15 | C19: 943209 | D19: 19.05 | E19: 1.6 | F19: 6 | G19: 4.062 | H19: 19.05-0-1.6-ERW 1-PE | I19: ERW 1 | J19: NFC | L19: 2851 | M19: 3498997 | N19: 2405716 | P19: 15000 | Q19: =((D19-E19)*E19*0.0246615*F19*L19) -> 11778.321 | R19: 0 | T19: =ROUND((Q19+Table3[[#This Row],[In Transit]])/P19*30,0) -> 24 | U19: 15000 | Y19: =IF((45-Table3[[#This Row],[Coverage post order]])>0,Table3[[#This Row],[Schedule]]*1.5,0) -> 0 | Z19: =ROUND((Table3[[#This Row],[Stock]]+Table3[[#This Row],[056 Order]]+Table3[[#This Row],[0789 Order]]+Table3[[#This Row],[0788 Order]]+Table3[[#This Row],[In Transit]])/Table3[[#This Row],[Schedule]]*30,0) -> 54
A20: 16 | D20: 19.05 | E20: 1.6 | F20: 6.2 | G20: 4.131 | H20: 19.05-0-1.6-ERW 1-PE | I20: ERW 1 | J20: NFC | L20: 0 | P20: ='vsm req'!K20 -> 0 | Q20: =((D20-E20)*E20*0.0246615*F20*L20) -> 0 | T20: =ROUND((Q20+Table3[[#This Row],[In Transit]])/P20*30,0) -> #DIV/0! | Y20: =IF((45-Table3[[#This Row],[Coverage post order]])>0,Table3[[#This Row],[Schedule]]*1.5,0) -> #DIV/0! | Z20: =ROUND((Table3[[#This Row],[Stock]]+Table3[[#This Row],[056 Order]]+Table3[[#This Row],[0789 Order]]+Table3[[#This Row],[0788 Order]]+Table3[[#This Row],[In Transit]])/Table3[[#This Row],[Schedule]]*30,0) -> #DIV/0!
A21: 17 | C21: 943209 | D21: 19.05 | E21: 2 | F21: 5.8 | G21: 4.878 | H21: 19.05-0-2-ERW 1-PE | I21: ERW 1 | J21: NFC | L21: 965 | N21: 1940292 | P21: ='vsm req'!K21 -> 17000 | Q21: =((D21-E21)*E21*0.0246615*F21*L21) -> 4706.8372 | T21: =ROUND((Q21+Table3[[#This Row],[In Transit]])/P21*30,0) -> 8 | V21: 25500 | Y21: =IF((45-Table3[[#This Row],[Coverage post order]])>0,Table3[[#This Row],[Schedule]]*1.5,0) -> 0 | Z21: =ROUND((Table3[[#This Row],[Stock]]+Table3[[#This Row],[056 Order]]+Table3[[#This Row],[0789 Order]]+Table3[[#This Row],[0788 Order]]+Table3[[#This Row],[In Transit]])/Table3[[#This Row],[Schedule]]*30,0) -> 53 | AA21: 0789
A22: 18 | C22: 943209 | D22: 19.05 | E22: 2 | F22: 5.841 | G22: 4.912 | H22: 19.05-0-2-ERW 1-PE | I22: ERW 1 | J22: NFC | L22: 0 | M22: 3673888 | P22: ='vsm req'!K22 -> 48000 | Q22: =((D22-E22)*E22*0.0246615*F22*L22) -> 0 | R22: 0 | T22: =ROUND((Q22+Table3[[#This Row],[In Transit]])/P22*30,0) -> 0 | U22: 72000 | Y22: =IF((45-Table3[[#This Row],[Coverage post order]])>0,Table3[[#This Row],[Schedule]]*1.5,0) -> 0 | Z22: =ROUND((Table3[[#This Row],[Stock]]+Table3[[#This Row],[056 Order]]+Table3[[#This Row],[0789 Order]]+Table3[[#This Row],[0788 Order]]+Table3[[#This Row],[In Transit]])/Table3[[#This Row],[Schedule]]*30,0) -> 45 | AA22: 056
A23: 19 | C23: 943209 | D23: 19.05 | E23: 2.3 | F23: 6 | G23: 6.651 | H23: 19.05-0-2.3-ERW 1-PE | I23: ERW 1 | J23: NFC | L23: 0 | M23: 3499232 | P23: ='vsm req'!K23 -> 4000 | Q23: =((D23-E23)*E23*0.0246615*F23*L23) -> 0 | T23: =ROUND((Q23+Table3[[#This Row],[In Transit]])/P23*30,0) -> 0 | U23: 6000 | Y23: =IF((45-Table3[[#This Row],[Coverage post order]])>0,Table3[[#This Row],[Schedule]]*1.5,0) -> 0 | Z23: =ROUND((Table3[[#This Row],[Stock]]+Table3[[#This Row],[056 Order]]+Table3[[#This Row],[0789 Order]]+Table3[[#This Row],[0788 Order]]+Table3[[#This Row],[In Transit]])/Table3[[#This Row],[Schedule]]*30,0) -> 45 | AA23: 056
A24: 20 | D24: 19.05 | E24: 2.3 | F24: 6.32 | G24: 6.651 | H24: 19.05-0-2.3-ERW 1-PE | I24: ERW 1 | J24: NFC | L24: 2870 | P24: ='vsm req'!K24 -> 0 | Q24: =((D24-E24)*E24*0.0246615*F24*L24) -> 17233.009 | T24: =ROUND((Q24+Table3[[#This Row],[In Transit]])/P24*30,0) -> #DIV/0! | Y24: =IF((45-Table3[[#This Row],[Coverage post order]])>0,Table3[[#This Row],[Schedule]]*1.5,0) -> #DIV/0! | Z24: =ROUND((Table3[[#This Row],[Stock]]+Table3[[#This Row],[056 Order]]+Table3[[#This Row],[0789 Order]]+Table3[[#This Row],[0788 Order]]+Table3[[#This Row],[In Transit]])/Table3[[#This Row],[Schedule]]*30,0) -> #DIV/0!
C25: 943209 | D25: 19.05 | E25: 2.3 | F25: 7 | L25: 2546 | M25: 3500582 | P25: ='vsm req'!K25 -> 30000 | Q25: =((D25-E25)*E25*0.0246615*F25*L25) -> 16932.402 | R25: 0 | T25: =ROUND((Q25+Table3[[#This Row],[In Transit]])/P25*30,0) -> 17 | U25: 45000 | Y25: =IF((45-Table3[[#This Row],[Coverage post order]])>0,Table3[[#This Row],[Schedule]]*1.5,0) -> 0 | Z25: =ROUND((Table3[[#This Row],[Stock]]+Table3[[#This Row],[056 Order]]+Table3[[#This Row],[0789 Order]]+Table3[[#This Row],[0788 Order]]+Table3[[#This Row],[In Transit]])/Table3[[#This Row],[Schedule]]*30,0) -> 62 | AA25: 056
D26: 19 | E26: 3.25 | F26: 6.2 | L26: 200 | P26: ='vsm req'!K26 -> 0 | Q26: =((D26-E26)*E26*0.0246615*F26*L26) -> 1565.3271 | T26: =ROUND((Q26+Table3[[#This Row],[In Transit]])/P26*30,0) -> #DIV/0! | Y26: =IF((45-Table3[[#This Row],[Coverage post order]])>0,Table3[[#This Row],[Schedule]]*1.5,0) -> #DIV/0! | Z26: =ROUND((Table3[[#This Row],[Stock]]+Table3[[#This Row],[056 Order]]+Table3[[#This Row],[0789 Order]]+Table3[[#This Row],[0788 Order]])/Table3[[#This Row],[Schedule]]*30,0) -> #DIV/0!
A27: 21 | C27: 943209 | D27: 21.4 | E27: 1.6 | F27: 6 | G27: 4.688 | H27: 21.4-0-1.6-ERW 1-PE | I27: ERW 1 | J27: NFC | L27: 0 | N27: 3219710 | P27: ='vsm req'!K27 -> 5000 | Q27: =((D27-E27)*E27*0.0246615*F27*L27) -> 0 | T27: =ROUND((Q27+Table3[[#This Row],[In Transit]])/P27*30,0) -> 0 | V27: 7500 | Y27: =IF((45-Table3[[#This Row],[Coverage post order]])>0,Table3[[#This Row],[Schedule]]*1.5,0) -> 0 | Z27: =ROUND((Table3[[#This Row],[Stock]]+Table3[[#This Row],[056 Order]]+Table3[[#This Row],[0789 Order]]+Table3[[#This Row],[0788 Order]]+Table3[[#This Row],[In Transit]])/Table3[[#This Row],[Schedule]]*30,0) -> 45 | AA27: 0789
A28: 22 | C28: 943209 | D28: 21.4 | E28: 2 | F28: 5.66 | I28: ERW 1 | J28: NFC | L28: 0 | N28: 2405717 | P28: ='vsm req'!K28 -> 0 | Q28: =((D28-E28)*E28*0.0246615*F28*L28) -> 0 | T28: =ROUND((Q28+Table3[[#This Row],[In Transit]])/P28*30,0) -> #DIV/0! | Y28: =IF((45-Table3[[#This Row],[Coverage post order]])>0,Table3[[#This Row],[Schedule]]*1.5,0) -> #DIV/0! | Z28: =ROUND((Table3[[#This Row],[Stock]]+Table3[[#This Row],[056 Order]]+Table3[[#This Row],[0789 Order]]+Table3[[#This Row],[0788 Order]]+Table3[[#This Row],[In Transit]])/Table3[[#This Row],[Schedule]]*30,0) -> #DIV/0! | AA28: 789
A29: 23 | D29: 22.2 | E29: 1.2 | F29: 5.3 | L29: 1143 | P29: ='vsm req'!K29 -> 9500 | Q29: =((D29-E29)*E29*0.0246615*F29*L29) -> 3764.8019 | R29: 0 | T29: =ROUND((Q29+Table3[[#This Row],[In Transit]])/P29*30,0) -> 12 | Y29: =IF((45-Table3[[#This Row],[Coverage post order]])>0,Table3[[#This Row],[Schedule]]*1.5,0) -> 14250 | Z29: =ROUND((Table3[[#This Row],[Stock]]+Table3[[#This Row],[056 Order]]+Table3[[#This Row],[0789 Order]]+Table3[[#This Row],[0788 Order]]+Table3[[#This Row],[In Transit]])/Table3[[#This Row],[Schedule]]*30,0) -> 12 | AA29: don't log
A30: 24 | C30: 943209 | D30: 22.2 | E30: 1.2 | F30: 5.87 | G30: 3.648 | H30: 22.23-0-1.2-ERW 1-PE | I30: ERW 1 | J30: NFC | L30: 5767 | M30: 3882110 | P30: ='vsm req'!K30 -> 10000 | Q30: =((D30-E30)*E30*0.0246615*F30*L30) -> 21038.176 | R30: 0 | T30: =ROUND((Q30+Table3[[#This Row],[In Transit]])/P30*30,0) -> 63 | U30: 21500 | Y30: =IF((45-Table3[[#This Row],[Coverage post order]])>0,Table3[[#This Row],[Schedule]]*1.5,0) -> 0 | Z30: =ROUND((Table3[[#This Row],[Stock]]+Table3[[#This Row],[056 Order]]+Table3[[#This Row],[0789 Order]]+Table3[[#This Row],[0788 Order]]+Table3[[#This Row],[In Transit]])/Table3[[#This Row],[Schedule]]*30,0) -> 128
A31: 25 | C31: 943209 | D31: 22.2 | E31: 1.4 | F31: 6 | G31: 4.309 | I31: ERW 2 | J31: NFC | L31: 0 | M31: 3829175 | P31: ='vsm req'!K31 -> 6000 | Q31: =((D31-E31)*E31*0.0246615*F31*L31) -> 0 | T31: =ROUND((Q31+Table3[[#This Row],[In Transit]])/P31*30,0) -> 0 | U31: =7500+9000 -> 16500 | Y31: =IF((45-Table3[[#This Row],[Coverage post order]])>0,Table3[[#This Row],[Schedule]]*1.5,0) -> 0 | Z31: =ROUND((Table3[[#This Row],[Stock]]+Table3[[#This Row],[056 Order]]+Table3[[#This Row],[0789 Order]]+Table3[[#This Row],[0788 Order]]+Table3[[#This Row],[In Transit]])/Table3[[#This Row],[Schedule]]*30,0) -> 83 | AA31: 056
A32: 26 | C32: 943209 | D32: 22.2 | E32: 1.6 | F32: 5.27 | G32: 4.609 | H32: 22.23-0-1.6-ERW 1-PE | I32: ERW 1 | J32: NFC | L32: 8588 | N32: 3575894 | P32: 10000 | Q32: =((D32-E32)*E32*0.0246615*F32*L32) -> 36788.268 | R32: 0 | T32: =ROUND((Q32+Table3[[#This Row],[In Transit]])/P32*30,0) -> 110 | V32: 15000 | Y32: =IF((45-Table3[[#This Row],[Coverage post order]])>0,Table3[[#This Row],[Schedule]]*1.5,0) -> 0 | Z32: =ROUND((Table3[[#This Row],[Stock]]+Table3[[#This Row],[056 Order]]+Table3[[#This Row],[0789 Order]]+Table3[[#This Row],[0788 Order]]+Table3[[#This Row],[In Transit]])/Table3[[#This Row],[Schedule]]*30,0) -> 155 | AA32: 0789
A33: 27 | C33: 943209 | D33: 22.2 | E33: 1.6 | F33: 5.264 | G33: 4.284 | H33: 22.23-0-1.6-ERW 1-PE | I33: ERW 1 | J33: NFC | L33: 793 | M33: 3501116 | P33: ='vsm req'!K33 -> 55000 | Q33: =((D33-E33)*E33*0.0246615*F33*L33) -> 3393.093 | R33: 11209 | T33: =ROUND((Q33+Table3[[#This Row],[In Transit]])/P33*30,0) -> 8 | U33: =52000+82500 -> 134500 | Y33: =IF((45-Table3[[#This Row],[Coverage post order]])>0,Table3[[#This Row],[Schedule]]*1.5,0) -> 0 | Z33: =ROUND((Table3[[#This Row],[Stock]]+Table3[[#This Row],[056 Order]]+Table3[[#This Row],[0789 Order]]+Table3[[#This Row],[0788 Order]]+Table3[[#This Row],[In Transit]])/Table3[[#This Row],[Schedule]]*30,0) -> 81 | AA33: 056 | AB33: x
A34: 28 | C34: 943209 | D34: 22.2 | E34: 1.6 | F34: 5.685 | G34: 4.877 | H34: 22.23-0-1.6-ERW 1-PE | I34: ERW 1 | J34: NFC | L34: 6031 | M34: 4173571 | N34: 3570690 | P34: ='vsm req'!K34 -> 0 | Q34: =((D34-E34)*E34*0.0246615*F34*L34) -> 27869.327 | R34: 20590 | T34: =ROUND((Q34+Table3[[#This Row],[In Transit]])/P34*30,0) -> #DIV/0! | U34: 75000 | Y34: =IF((45-Table3[[#This Row],[Coverage post order]])>0,Table3[[#This Row],[Schedule]]*1.5,0) -> #DIV/0! | Z34: =ROUND((Table3[[#This Row],[Stock]]+Table3[[#This Row],[056 Order]]+Table3[[#This Row],[0789 Order]]+Table3[[#This Row],[0788 Order]]+Table3[[#This Row],[In Transit]])/Table3[[#This Row],[Schedule]]*30,0) -> #DIV/0!
A35: 30 | C35: 943209 | D35: 22.2 | E35: 1.6 | F35: 5.67 | G35: 4.877 | H35: 22.23-0-1.6-ERW 1-PE | I35: ERW 1 | J35: NFC | L35: 4545 | M35: 3954021 | N35: 4055022 | P35: ='vsm req'!K36 -> 50000 | Q35: =((D35-E35)*E35*0.0246615*F35*L35) -> 20947.087 | R35: 18649 | T35: =ROUND((Q35+Table3[[#This Row],[In Transit]])/P35*30,0) -> 24 | U35: 31000 | V35: 75000 | Y35: =IF((45-Table3[[#This Row],[Coverage post order]])>0,Table3[[#This Row],[Schedule]]*1.5,0) -> 0 | Z35: =ROUND((Table3[[#This Row],[Stock]]+Table3[[#This Row],[056 Order]]+Table3[[#This Row],[0789 Order]]+Table3[[#This Row],[0788 Order]]+Table3[[#This Row],[In Transit]])/Table3[[#This Row],[Schedule]]*30,0) -> 87 | AA35: 0789
A36: 31 | C36: 943209 | D36: 22.2 | E36: 2 | F36: 5.1 | G36: 5.081 | H36: 22.23-0-2-ERW 1-PE | I36: ERW 1 | J36: NFC | L36: 0 | M36: 3500554 | P36: ='vsm req'!K37 -> 0 | Q36: =((D36-E36)*E36*0.0246615*F36*L36) -> 0 | R36: 0 | T36: =ROUND((Q36+Table3[[#This Row],[In Transit]])/P36*30,0) -> #DIV/0! | Y36: =IF((45-Table3[[#This Row],[Coverage post order]])>0,Table3[[#This Row],[Schedule]]*1.5,0) -> #DIV/0! | Z36: =ROUND((Table3[[#This Row],[Stock]]+Table3[[#This Row],[056 Order]]+Table3[[#This Row],[0789 Order]]+Table3[[#This Row],[0788 Order]]+Table3[[#This Row],[In Transit]])/Table3[[#This Row],[Schedule]]*30,0) -> #DIV/0!
A37: 32 | C37: 943209 | D37: 22.2 | E37: 2 | F37: 5.4 | G37: 5.38 | H37: 22.23-0-2-ERW 1-FC | I37: ERW 1 | J37: FC | K37: CR | L37: 6354 | N37: 2431251 | P37: 10000 | Q37: =((D37-E37)*E37*0.0246615*F37*L37) -> 34185.491 | T37: =ROUND((Q37+Table3[[#This Row],[In Transit]])/P37*30,0) -> 103 | Y37: =IF((45-Table3[[#This Row],[Coverage post order]])>0,Table3[[#This Row],[Schedule]]*1.5,0) -> 0 | Z37: =ROUND((Table3[[#This Row],[Stock]]+Table3[[#This Row],[056 Order]]+Table3[[#This Row],[0789 Order]]+Table3[[#This Row],[0788 Order]]+Table3[[#This Row],[In Transit]])/Table3[[#This Row],[Schedule]]*30,0) -> 103 | AA37: 789
A38: 35 | C38: 943209 | D38: 22.2 | E38: 2 | F38: 5.951 | G38: 5.928 | H38: 22.23-0-2-ERW 1-PE | I38: ERW 1 | J38: NFC | L38: 9778 | M38: 3905466 | P38: ='vsm req'!K41 -> 159000 | Q38: =((D38-E38)*E38*0.0246615*F38*L38) -> 57975.011 | R38: 24941 | T38: =ROUND((Q38+Table3[[#This Row],[In Transit]])/P38*30,0) -> 16 | U38: =145000+238500 -> 383500 | Y38: =IF((45-Table3[[#This Row],[Coverage post order]])>0,Table3[[#This Row],[Schedule]]*1.5,0) -> 0 | Z38: =ROUND((Table3[[#This Row],[Stock]]+Table3[[#This Row],[056 Order]]+Table3[[#This Row],[0789 Order]]+Table3[[#This Row],[0788 Order]]+Table3[[#This Row],[In Transit]])/Table3[[#This Row],[Schedule]]*30,0) -> 88 | AA38: 056
A39: 36 | C39: 943209 | D39: 22.2 | E39: 2 | F39: 6 | G39: 5.978 | H39: 22.23-0-2-ERW 2-FC | I39: ERW 2 | J39: FC | L39: 3349 | M39: 3502494 | N39: 3410966 | P39: ='vsm req'!K42 -> 60000 | Q39: =((D39-E39)*E39*0.0246615*F39*L39) -> 20020.147 | R39: 15233 | T39: =ROUND((Q39+Table3[[#This Row],[In Transit]])/P39*30,0) -> 18 | U39: 67500 | Y39: =IF((45-Table3[[#This Row],[Coverage post order]])>0,Table3[[#This Row],[Schedule]]*1.5,0) -> 0 | Z39: =ROUND((Table3[[#This Row],[Stock]]+Table3[[#This Row],[056 Order]]+Table3[[#This Row],[0789 Order]]+Table3[[#This Row],[0788 Order]]+Table3[[#This Row],[In Transit]])/Table3[[#This Row],[Schedule]]*30,0) -> 51 | AA39: 56 | AB39: x
A40: 39 | C40: 943210 | D40: 25.4 | E40: 1.4 | F40: 5.531 | G40: 4.583 | I40: ERW 2 | J40: FC | L40: 3651 | M40: 3501900 | P40: ='vsm req'!K45 -> 0 | Q40: =((D40-E40)*E40*0.0246615*F40*L40) -> 16733.017 | R40: 0 | T40: =ROUND((Q40+Table3[[#This Row],[In Transit]])/P40*30,0) -> #DIV/0! | Y40: =IF((45-Table3[[#This Row],[Coverage post order]])>0,Table3[[#This Row],[Schedule]]*1.5,0) -> #DIV/0! | Z40: =ROUND((Table3[[#This Row],[Stock]]+Table3[[#This Row],[056 Order]]+Table3[[#This Row],[0789 Order]]+Table3[[#This Row],[0788 Order]]+Table3[[#This Row],[In Transit]])/Table3[[#This Row],[Schedule]]*30,0) -> #DIV/0! | AA40: 30 MT order
A41: 40 | C41: 943210 | D41: 25.4 | E41: 1.4 | F41: 6.06 | I41: ERW 1 | J41: FC | L41: 3180 | M41: 3570429 | N41: 3557792 | P41: ='vsm req'!K46 -> 23000 | Q41: =((D41-E41)*E41*0.0246615*F41*L41) -> 15968.294 | R41: 0 | T41: =ROUND((Q41+Table3[[#This Row],[In Transit]])/P41*30,0) -> 21 | V41: 34500 | Y41: =IF((45-Table3[[#This Row],[Coverage post order]])>0,Table3[[#This Row],[Schedule]]*1.5,0) -> 0 | Z41: =ROUND((Table3[[#This Row],[Stock]]+Table3[[#This Row],[056 Order]]+Table3[[#This Row],[0789 Order]]+Table3[[#This Row],[0788 Order]]+Table3[[#This Row],[In Transit]])/Table3[[#This Row],[Schedule]]*30,0) -> 66 | AA41: 0789
A42: 41 | C42: 943211 | D42: 25.4 | E42: 1.6 | F42: 5.84 | H42: 25.4-0-1.6-ERW 1-FC | I42: ERW 1 | J42: NFC | L42: 0 | N42: 4149395 | P42: ='vsm req'!K47 -> 31000 | Q42: =((D42-E42)*E42*0.0246615*F42*L42) -> 0 | T42: =ROUND((Q42+Table3[[#This Row],[In Transit]])/P42*30,0) -> 0 | V42: 46500 | Y42: =IF((45-Table3[[#This Row],[Coverage post order]])>0,Table3[[#This Row],[Schedule]]*1.5,0) -> 0 | Z42: =ROUND((Table3[[#This Row],[Stock]]+Table3[[#This Row],[056 Order]]+Table3[[#This Row],[0789 Order]]+Table3[[#This Row],[0788 Order]]+Table3[[#This Row],[In Transit]])/Table3[[#This Row],[Schedule]]*30,0) -> 45 | AA42: 0789
A43: 42 | D43: 25.4 | E43: 1.6 | F43: 5.27 | L43: 506 | P43: ='vsm req'!K48 -> 0 | Q43: =((D43-E43)*E43*0.0246615*F43*L43) -> 2504.2493 | T43: =ROUND((Q43+Table3[[#This Row],[In Transit]])/P43*30,0) -> #DIV/0! | Y43: =IF((45-Table3[[#This Row],[Coverage post order]])>0,Table3[[#This Row],[Schedule]]*1.5,0) -> #DIV/0! | Z43: =ROUND((Table3[[#This Row],[Stock]]+Table3[[#This Row],[056 Order]]+Table3[[#This Row],[0789 Order]]+Table3[[#This Row],[0788 Order]]+Table3[[#This Row],[In Transit]])/Table3[[#This Row],[Schedule]]*30,0) -> #DIV/0!
A44: 43 | C44: 943209 | D44: 25.4 | E44: 1.6 | F44: 6 | G44: 5.635 | H44: 25.4-0-1.6-ERW 1-FC | I44: ERW 1 | J44: NFC | L44: 7289 | M44: 3500097 | P44: ='vsm req'!K49 -> 10000 | Q44: =((D44-E44)*E44*0.0246615*F44*L44) -> 41071.033 | R44: 0 | T44: =ROUND((Q44+Table3[[#This Row],[In Transit]])/P44*30,0) -> 123 | Y44: =IF((45-Table3[[#This Row],[Coverage post order]])>0,Table3[[#This Row],[Schedule]]*1.5,0) -> 0 | Z44: =ROUND((Table3[[#This Row],[Stock]]+Table3[[#This Row],[056 Order]]+Table3[[#This Row],[0789 Order]]+Table3[[#This Row],[0788 Order]]+Table3[[#This Row],[In Transit]])/Table3[[#This Row],[Schedule]]*30,0) -> 123
A45: 44 | C45: 943209 | D45: 25.4 | E45: 2 | F45: 5.84 | G45: 6.74 | H45: 25.4-0-2-ERW 1-FC | I45: ERW 1 | J45: NFC | L45: 4080 | M45: 3673890 | P45: ='vsm req'!K50 -> 32000 | Q45: =((D45-E45)*E45*0.0246615*F45*L45) -> 27500.358 | R45: 0 | T45: =ROUND((Q45+Table3[[#This Row],[In Transit]])/P45*30,0) -> 26 | U45: 48000 | Y45: =IF((45-Table3[[#This Row],[Coverage post order]])>0,Table3[[#This Row],[Schedule]]*1.5,0) -> 0 | Z45: =ROUND((Table3[[#This Row],[Stock]]+Table3[[#This Row],[056 Order]]+Table3[[#This Row],[0789 Order]]+Table3[[#This Row],[0788 Order]]+Table3[[#This Row],[In Transit]])/Table3[[#This Row],[Schedule]]*30,0) -> 71 | AA45: 056
A46: 45 | C46: 943209 | D46: 25.4 | E46: 2 | F46: 6 | I46: ERW 1 | J46: NFC | L46: 3483 | M46: 3500096 | P46: ='vsm req'!K51 -> 0 | Q46: =((D46-E46)*E46*0.0246615*F46*L46) -> 24119.598 | R46: 0 | T46: =ROUND((Q46+Table3[[#This Row],[In Transit]])/P46*30,0) -> #DIV/0! | Y46: =IF((45-Table3[[#This Row],[Coverage post order]])>0,Table3[[#This Row],[Schedule]]*1.5,0) -> #DIV/0! | Z46: =ROUND((Table3[[#This Row],[Stock]]+Table3[[#This Row],[056 Order]]+Table3[[#This Row],[0789 Order]]+Table3[[#This Row],[0788 Order]]+Table3[[#This Row],[In Transit]])/Table3[[#This Row],[Schedule]]*30,0) -> #DIV/0!
A47: 47 | C47: 943209 | D47: 25.4 | E47: 2.5 | F47: 5.53 | G47: 7.808 | H47: 25.4-0-2.5-ERW 1-FC | I47: ERW 1 | J47: FC | L47: 5657 | M47: 3502256 | N47: 3502256 | P47: ='vsm req'!K53 -> 56000 | Q47: =((D47-E47)*E47*0.0246615*F47*L47) -> 44167.853 | R47: 0 | T47: =ROUND((Q47+Table3[[#This Row],[In Transit]])/P47*30,0) -> 24 | U47: 51500 | Y47: =IF((45-Table3[[#This Row],[Coverage post order]])>0,Table3[[#This Row],[Schedule]]*1.5,0) -> 0 | Z47: =ROUND((Table3[[#This Row],[Stock]]+Table3[[#This Row],[056 Order]]+Table3[[#This Row],[0789 Order]]+Table3[[#This Row],[0788 Order]]+Table3[[#This Row],[In Transit]])/Table3[[#This Row],[Schedule]]*30,0) -> 51 | AA47: 56
A48: 48 | C48: 943209 | D48: 25.4 | E48: 2.5 | F48: 5.95 | G48: 8.33 | H48: 25.4-0-2.5-ERW 1-FC | I48: ERW 1 | J48: FC | L48: 0 | M48: 3682066 | P48: 10000 | Q48: =((D48-E48)*E48*0.0246615*F48*L48) -> 0 | T48: =ROUND((Q48+Table3[[#This Row],[In Transit]])/P48*30,0) -> 0 | U48: 15000 | Y48: =IF((45-Table3[[#This Row],[Coverage post order]])>0,Table3[[#This Row],[Schedule]]*1.5,0) -> 0 | Z48: =ROUND((Table3[[#This Row],[Stock]]+Table3[[#This Row],[056 Order]]+Table3[[#This Row],[0789 Order]]+Table3[[#This Row],[0788 Order]]+Table3[[#This Row],[In Transit]])/Table3[[#This Row],[Schedule]]*30,0) -> 45 | AA48: 056
A49: 49 | D49: 25.4 | E49: 2.6 | F49: 3.5 | G49: 5.117 | H49: 25.4-0-2.5-CEW-CEW | I49: CEW | J49: FC | L49: 680 | M49: NEW MCR | P49: ='vsm req'!K55 -> 0 | Q49: =((D49-E49)*E49*0.0246615*F49*L49) -> 3479.4023 | T49: =ROUND((Q49+Table3[[#This Row],[In Transit]])/P49*30,0) -> #DIV/0! | Y49: =IF((45-Table3[[#This Row],[Coverage post order]])>0,Table3[[#This Row],[Schedule]]*1.5,0) -> #DIV/0! | Z49: =ROUND((Table3[[#This Row],[Stock]]+Table3[[#This Row],[056 Order]]+Table3[[#This Row],[0789 Order]]+Table3[[#This Row],[0788 Order]]+Table3[[#This Row],[In Transit]])/Table3[[#This Row],[Schedule]]*30,0) -> #DIV/0!
A50: 50 | D50: 25.4 | E50: 2.6 | F50: 6 | G50: 8.772 | H50: 25.4-0-2.5-CEW-CEW | I50: CEW | J50: FC | L50: 0 | P50: ='vsm req'!K56 -> 0 | Q50: =((D50-E50)*E50*0.0246615*F50*L50) -> 0 | T50: =ROUND((Q50+Table3[[#This Row],[In Transit]])/P50*30,0) -> #DIV/0! | Y50: =IF((45-Table3[[#This Row],[Coverage post order]])>0,Table3[[#This Row],[Schedule]]*1.5,0) -> #DIV/0! | Z50: =ROUND((Table3[[#This Row],[Stock]]+Table3[[#This Row],[056 Order]]+Table3[[#This Row],[0789 Order]]+Table3[[#This Row],[0788 Order]]+Table3[[#This Row],[In Transit]])/Table3[[#This Row],[Schedule]]*30,0) -> #DIV/0!
A51: 51 | D51: 25.4 | E51: 4 | F51: 4.4 | G51: 9.289 | I51: CEW | J51: FC | L51: 0 | M51: SEE CODE | P51: ='vsm req'!K57 -> 0 | Q51: =((D51-E51)*E51*0.0246615*F51*L51) -> 0 | T51: =ROUND((Q51+Table3[[#This Row],[In Transit]])/P51*30,0) -> #DIV/0! | Y51: =IF((45-Table3[[#This Row],[Coverage post order]])>0,Table3[[#This Row],[Schedule]]*1.5,0) -> #DIV/0! | Z51: =ROUND((Table3[[#This Row],[Stock]]+Table3[[#This Row],[056 Order]]+Table3[[#This Row],[0789 Order]]+Table3[[#This Row],[0788 Order]]+Table3[[#This Row],[In Transit]])/Table3[[#This Row],[Schedule]]*30,0) -> #DIV/0!
A52: 52 | C52: 943209 | D52: 28.58 | E52: 1.2 | F52: 6 | G52: 4.862 | H52: 28.58-0-1.2-ERW 1-PE | I52: ERW 1 | J52: FC | L52: 0 | N52: 3702101 | P52: ='vsm req'!K58 -> 0 | Q52: =((D52-E52)*E52*0.0246615*F52*L52) -> 0 | T52: =ROUND((Q52+Table3[[#This Row],[In Transit]])/P52*30,0) -> #DIV/0! | Y52: =IF((45-Table3[[#This Row],[Coverage post order]])>0,Table3[[#This Row],[Schedule]]*1.5,0) -> #DIV/0! | Z52: =ROUND((Table3[[#This Row],[Stock]]+Table3[[#This Row],[056 Order]]+Table3[[#This Row],[0789 Order]]+Table3[[#This Row],[0788 Order]]+Table3[[#This Row],[In Transit]])/Table3[[#This Row],[Schedule]]*30,0) -> #DIV/0! | AA52: no
A53: 53 | D53: 28.58 | E53: 2.6 | F53: 4.5 | G53: 7.496 | H53: 28.6-0-2.65-CEW-CEW | I53: CEW | J53: FC | L53: 0 | P53: ='vsm req'!K59 -> 8000 | Q53: =((D53-E53)*E53*0.0246615*F53*L53) -> 0 | T53: =ROUND((Q53+Table3[[#This Row],[In Transit]])/P53*30,0) -> 0 | Y53: =IF((45-Table3[[#This Row],[Coverage post order]])>0,Table3[[#This Row],[Schedule]]*1.5,0) -> 12000 | Z53: =ROUND((Table3[[#This Row],[Stock]]+Table3[[#This Row],[056 Order]]+Table3[[#This Row],[0789 Order]]+Table3[[#This Row],[0788 Order]]+Table3[[#This Row],[In Transit]])/Table3[[#This Row],[Schedule]]*30,0) -> 0 | AA53: 0788
A54: 54 | D54: 28.58 | E54: 2.6 | F54: 6.07 | G54: 10.112 | H54: 28.6-0-2.65-CEW-CEW | I54: CEW | J54: FC | L54: 0 | P54: ='vsm req'!K60 -> 0 | Q54: =((D54-E54)*E54*0.0246615*F54*L54) -> 0 | T54: =ROUND((Q54+Table3[[#This Row],[In Transit]])/P54*30,0) -> #DIV/0! | Y54: =IF((45-Table3[[#This Row],[Coverage post order]])>0,Table3[[#This Row],[Schedule]]*1.5,0) -> #DIV/0! | Z54: =ROUND((Table3[[#This Row],[Stock]]+Table3[[#This Row],[056 Order]]+Table3[[#This Row],[0789 Order]]+Table3[[#This Row],[0788 Order]]+Table3[[#This Row],[In Transit]])/Table3[[#This Row],[Schedule]]*30,0) -> #DIV/0! | AA54: no need log order
A55: 55 | C55: 943210 | D55: 28.58 | E55: 3.2 | F55: 6.06 | G55: 12.017 | I55: ERW 1 | J55: FC | L55: 1282 | N55: 1940627 | O55: 1931046 | P55: 18000 | Q55: =((D55-E55)*E55*0.0246615*F55*L55) -> 15560.435 | T55: =ROUND((Q55+Table3[[#This Row],[In Transit]])/P55*30,0) -> 26 | Y55: =IF((45-Table3[[#This Row],[Coverage post order]])>0,Table3[[#This Row],[Schedule]]*1.5,0) -> 27000 | Z55: =ROUND((Table3[[#This Row],[Stock]]+Table3[[#This Row],[056 Order]]+Table3[[#This Row],[0789 Order]]+Table3[[#This Row],[0788 Order]]+Table3[[#This Row],[In Transit]])/Table3[[#This Row],[Schedule]]*30,0) -> 26 | AA55: don't log
D56: 29.4 | E56: 4.5 | F56: 4.44 | L56: 0 | P56: ='vsm req'!K62 -> 25000 | Q56: =((D56-E56)*E56*0.0246615*F56*L56) -> 0 | T56: =ROUND((Q56+Table3[[#This Row],[In Transit]])/P56*30,0) -> 0 | Y56: =IF((45-Table3[[#This Row],[Coverage post order]])>0,Table3[[#This Row],[Schedule]]*1.5,0) -> 37500 | Z56: =ROUND((Table3[[#This Row],[Stock]]+Table3[[#This Row],[056 Order]]+Table3[[#This Row],[0789 Order]]+Table3[[#This Row],[0788 Order]])/Table3[[#This Row],[Schedule]]*30,0) -> 0 | AA56: don't log
A57: 56 | D57: 30 | E57: 3 | F57: 3.5 | G57: 6.992 | I57: CEW | J57: FC | L57: 370 | P57: ='vsm req'!K63 -> 0 | Q57: =((D57-E57)*E57*0.0246615*F57*L57) -> 2586.868 | T57: =ROUND((Q57+Table3[[#This Row],[In Transit]])/P57*30,0) -> #DIV/0! | Y57: =IF((45-Table3[[#This Row],[Coverage post order]])>0,Table3[[#This Row],[Schedule]]*1.5,0) -> #DIV/0! | Z57: =ROUND((Table3[[#This Row],[Stock]]+Table3[[#This Row],[056 Order]]+Table3[[#This Row],[0789 Order]]+Table3[[#This Row],[0788 Order]]+Table3[[#This Row],[In Transit]])/Table3[[#This Row],[Schedule]]*30,0) -> #DIV/0!
A58: 57 | D58: 31.75 | E58: 1.2 | F58: 5.1 | H58: 31.75-0-1.2-ERW 1-FC | I58: ERW 1 | J58: FC | L58: 0 | P58: 10000 | Q58: =((D58-E58)*E58*0.0246615*F58*L58) -> 0 | T58: =ROUND((Q58+Table3[[#This Row],[In Transit]])/P58*30,0) -> 0 | Y58: =IF((45-Table3[[#This Row],[Coverage post order]])>0,Table3[[#This Row],[Schedule]]*1.5,0) -> 15000 | Z58: =ROUND((Table3[[#This Row],[Stock]]+Table3[[#This Row],[056 Order]]+Table3[[#This Row],[0789 Order]]+Table3[[#This Row],[0788 Order]]+Table3[[#This Row],[In Transit]])/Table3[[#This Row],[Schedule]]*30,0) -> 0 | AA58: Check
A59: 58 | D59: 31.75 | E59: 1.2 | F59: 6 | G59: . | H59: 31.75-0-1.2-ERW 1-FC | I59: ERW 1 | J59: FC | L59: 4107 | M59: 3884381 | P59: ='vsm req'!K65 -> 0 | Q59: =((D59-E59)*E59*0.0246615*F59*L59) -> 22278.6 | T59: =ROUND((Q59+Table3[[#This Row],[In Transit]])/P59*30,0) -> #DIV/0! | Y59: =IF((45-Table3[[#This Row],[Coverage post order]])>0,Table3[[#This Row],[Schedule]]*1.5,0) -> #DIV/0! | Z59: =ROUND((Table3[[#This Row],[Stock]]+Table3[[#This Row],[056 Order]]+Table3[[#This Row],[0789 Order]]+Table3[[#This Row],[0788 Order]]+Table3[[#This Row],[In Transit]])/Table3[[#This Row],[Schedule]]*30,0) -> #DIV/0!
A60: 59 | C60: 943211 | D60: 31.75 | E60: 2 | F60: 6 | G60: 8.657 | I60: ERW 1 | J60: FC | L60: 0 | N60: 1931387 | P60: ='vsm req'!K66 -> 10000 | Q60: =((D60-E60)*E60*0.0246615*F60*L60) -> 0 | T60: =ROUND((Q60+Table3[[#This Row],[In Transit]])/P60*30,0) -> 0 | V60: 15000 | Y60: =IF((45-Table3[[#This Row],[Coverage post order]])>0,Table3[[#This Row],[Schedule]]*1.5,0) -> 0 | Z60: =ROUND((Table3[[#This Row],[Stock]]+Table3[[#This Row],[056 Order]]+Table3[[#This Row],[0789 Order]]+Table3[[#This Row],[0788 Order]]+Table3[[#This Row],[In Transit]])/Table3[[#This Row],[Schedule]]*30,0) -> 45 | AA60: 0789
A61: 60 | C61: 943209 | D61: 31.75 | E61: 2.3 | F61: 5.92 | G61: 10.023 | H61: 31.75-0-2.3-ERW 1-FC | I61: ERW 1 | J61: FC | L61: 198 | N61: 1940684 | P61: ='vsm req'!K67 -> 15000 | Q61: =((D61-E61)*E61*0.0246615*F61*L61) -> 1958.0308 | T61: =ROUND((Q61+Table3[[#This Row],[In Transit]])/P61*30,0) -> 4 | V61: 22500 | Y61: =IF((45-Table3[[#This Row],[Coverage post order]])>0,Table3[[#This Row],[Schedule]]*1.5,0) -> 0 | Z61: =ROUND((Table3[[#This Row],[Stock]]+Table3[[#This Row],[056 Order]]+Table3[[#This Row],[0789 Order]]+Table3[[#This Row],[0788 Order]]+Table3[[#This Row],[In Transit]])/Table3[[#This Row],[Schedule]]*30,0) -> 49 | AA61: 0789
A62: 61 | D62: 31.75 | E62: 2.3 | F62: 6 | H62: 31.75-0-2.3-ERW 1-FC | L62: 2029 | P62: ='vsm req'!K68 -> 0 | Q62: =((D62-E62)*E62*0.0246615*F62*L62) -> 20336.018 | T62: =ROUND((Q62+Table3[[#This Row],[In Transit]])/P62*30,0) -> #DIV/0! | Y62: =IF((45-Table3[[#This Row],[Coverage post order]])>0,Table3[[#This Row],[Schedule]]*1.5,0) -> #DIV/0! | Z62: =ROUND((Table3[[#This Row],[Stock]]+Table3[[#This Row],[056 Order]]+Table3[[#This Row],[0789 Order]]+Table3[[#This Row],[0788 Order]]+Table3[[#This Row],[In Transit]])/Table3[[#This Row],[Schedule]]*30,0) -> #DIV/0!
A63: 63 | D63: 31.75 | E63: 3.65 | F63: 6 | G63: 15.176 | I63: CEW | J63: FC | L63: 0 | P63: ='vsm req'!K69 -> 0 | Q63: =((D63-E63)*E63*0.0246615*F63*L63) -> 0 | T63: =ROUND((Q63+Table3[[#This Row],[In Transit]])/P63*30,0) -> #DIV/0! | Y63: =IF((45-Table3[[#This Row],[Coverage post order]])>0,Table3[[#This Row],[Schedule]]*1.5,0) -> #DIV/0! | Z63: =ROUND((Table3[[#This Row],[Stock]]+Table3[[#This Row],[056 Order]]+Table3[[#This Row],[0789 Order]]+Table3[[#This Row],[0788 Order]]+Table3[[#This Row],[In Transit]])/Table3[[#This Row],[Schedule]]*30,0) -> #DIV/0!
A64: 64 | D64: 31.9 | E64: 4.55 | F64: 6 | G64: 13.964 | I64: CEW | J64: FC | L64: 715 | P64: ='vsm req'!K70 -> 0 | Q64: =((D64-E64)*E64*0.0246615*F64*L64) -> 13165.747 | T64: =ROUND((Q64+Table3[[#This Row],[In Transit]])/P64*30,0) -> #DIV/0! | Y64: =IF((45-Table3[[#This Row],[Coverage post order]])>0,Table3[[#This Row],[Schedule]]*1.5,0) -> #DIV/0! | Z64: =ROUND((Table3[[#This Row],[Stock]]+Table3[[#This Row],[056 Order]]+Table3[[#This Row],[0789 Order]]+Table3[[#This Row],[0788 Order]]+Table3[[#This Row],[In Transit]])/Table3[[#This Row],[Schedule]]*30,0) -> #DIV/0!
A65: 65 | C65: 943210 | D65: 34 | E65: 1.4 | F65: 6.52 | G65: 7.339 | I65: ERW 1 | J65: FC | L65: 0 | O65: 3702855 | P65: ='vsm req'!K71 -> 0 | Q65: =((D65-E65)*E65*0.0246615*F65*L65) -> 0 | T65: =ROUND((Q65+Table3[[#This Row],[In Transit]])/P65*30,0) -> #DIV/0! | W65: 5000 | Y65: =IF((45-Table3[[#This Row],[Coverage post order]])>0,Table3[[#This Row],[Schedule]]*1.5,0) -> #DIV/0! | Z65: =ROUND((Table3[[#This Row],[Stock]]+Table3[[#This Row],[056 Order]]+Table3[[#This Row],[0789 Order]]+Table3[[#This Row],[0788 Order]]+Table3[[#This Row],[In Transit]])/Table3[[#This Row],[Schedule]]*30,0) -> #DIV/0! | AA65: 788
A66: 66 | C66: 943211 | D66: 34.93 | E66: 1.2 | F66: 5.1 | G66: 5.091 | H66: 34.93-0-1.2-ERW 1-FC | I66: ERW 1 | J66: FC | L66: 2150 | M66: 4172674 | P66: ='vsm req'!K72 -> 17000 | Q66: =((D66-E66)*E66*0.0246615*F66*L66) -> 10945.251 | R66: 0 | T66: =ROUND((Q66+Table3[[#This Row],[In Transit]])/P66*30,0) -> 19 | U66: 30000 | Y66: =IF((45-Table3[[#This Row],[Coverage post order]])>0,Table3[[#This Row],[Schedule]]*1.5,0) -> 0 | Z66: =ROUND((Table3[[#This Row],[Stock]]+Table3[[#This Row],[056 Order]]+Table3[[#This Row],[0789 Order]]+Table3[[#This Row],[0788 Order]]+Table3[[#This Row],[In Transit]])/Table3[[#This Row],[Schedule]]*30,0) -> 72 | AA66: 56
A67: 67 | C67: 943211 | D67: 34.93 | E67: 1.2 | F67: 5.9 | I67: ERW 1 | J67: FC | L67: 394 | M67: 3499396 | P67: ='vsm req'!K73 -> 20000 | Q67: =((D67-E67)*E67*0.0246615*F67*L67) -> 2320.4131 | R67: 0 | T67: =ROUND((Q67+Table3[[#This Row],[In Transit]])/P67*30,0) -> 3 | U67: =21500+30000 -> 51500 | Y67: =IF((45-Table3[[#This Row],[Coverage post order]])>0,Table3[[#This Row],[Schedule]]*1.5,0) -> 0 | Z67: =ROUND((Table3[[#This Row],[Stock]]+Table3[[#This Row],[056 Order]]+Table3[[#This Row],[0789 Order]]+Table3[[#This Row],[0788 Order]]+Table3[[#This Row],[In Transit]])/Table3[[#This Row],[Schedule]]*30,0) -> 81 | AA67: 056
A68: 68 | D68: 34.93 | E68: 1.2 | F68: 6 | G68: 5.989 | H68: 34.93-0-1.2-ERW 1-FC | I68: ERW 1 | J68: FC | L68: 0 | M68: 3501257 | N68: 1940701 | P68: ='vsm req'!K74 -> 0 | Q68: =((D68-E68)*E68*0.0246615*F68*L68) -> 0 | R68: 0 | T68: =ROUND((Q68+Table3[[#This Row],[In Transit]])/P68*30,0) -> #DIV/0! | Y68: =IF((45-Table3[[#This Row],[Coverage post order]])>0,Table3[[#This Row],[Schedule]]*1.5,0) -> #DIV/0! | Z68: =ROUND((Table3[[#This Row],[Stock]]+Table3[[#This Row],[056 Order]]+Table3[[#This Row],[0789 Order]]+Table3[[#This Row],[0788 Order]]+Table3[[#This Row],[In Transit]])/Table3[[#This Row],[Schedule]]*30,0) -> #DIV/0! | AA68: don't log order as stock in 5.1 meter length
A69: 69 | D69: 34.93 | E69: 1.2 | F69: 620 | G69: 620 | I69: ERW 1 | P69: ='vsm req'!K75 -> 0 | Q69: =((D69-E69)*E69*0.0246615*F69*L69) -> 0 | T69: =ROUND((Q69+Table3[[#This Row],[In Transit]])/P69*30,0) -> #DIV/0! | Y69: =IF((45-Table3[[#This Row],[Coverage post order]])>0,Table3[[#This Row],[Schedule]]*1.5,0) -> #DIV/0! | Z69: =ROUND((Table3[[#This Row],[Stock]]+Table3[[#This Row],[056 Order]]+Table3[[#This Row],[0789 Order]]+Table3[[#This Row],[0788 Order]]+Table3[[#This Row],[In Transit]])/Table3[[#This Row],[Schedule]]*30,0) -> #DIV/0! | AA69: dont log
A70: 70 | D70: 34.93 | E70: 1.2 | F70: 650 | G70: 650 | I70: ERW 1 | P70: ='vsm req'!K76 -> 19000 | Q70: =((D70-E70)*E70*0.0246615*F70*L70) -> 0 | T70: =ROUND((Q70+Table3[[#This Row],[In Transit]])/P70*30,0) -> 0 | Y70: =IF((45-Table3[[#This Row],[Coverage post order]])>0,Table3[[#This Row],[Schedule]]*1.5,0) -> 28500 | Z70: =ROUND((Table3[[#This Row],[Stock]]+Table3[[#This Row],[056 Order]]+Table3[[#This Row],[0789 Order]]+Table3[[#This Row],[0788 Order]]+Table3[[#This Row],[In Transit]])/Table3[[#This Row],[Schedule]]*30,0) -> 0 | AA70: don't log
A71: 71 | D71: 34.93 | E71: 1.2 | F71: 780 | G71: 780 | I71: ERW 1 | P71: ='vsm req'!K77 -> 10000 | Q71: =((D71-E71)*E71*0.0246615*F71*L71) -> 0 | T71: =ROUND((Q71+Table3[[#This Row],[In Transit]])/P71*30,0) -> 0 | Y71: =IF((45-Table3[[#This Row],[Coverage post order]])>0,Table3[[#This Row],[Schedule]]*1.5,0) -> 15000 | Z71: =ROUND((Table3[[#This Row],[Stock]]+Table3[[#This Row],[056 Order]]+Table3[[#This Row],[0789 Order]]+Table3[[#This Row],[0788 Order]]+Table3[[#This Row],[In Transit]])/Table3[[#This Row],[Schedule]]*30,0) -> 0 | AA71: don't log
A72: 72 | D72: 38.1 | E72: 1.6 | F72: 5.88 | G72: 7.201 | H72: 38.1-0-1.6-ERW 1-FC | I72: ERW 1 | J72: FC | L72: 746 | P72: ='vsm req'!K78 -> 0 | Q72: =((D72-E72)*E72*0.0246615*F72*L72) -> 6317.5471 | T72: =ROUND((Q72+Table3[[#This Row],[In Transit]])/P72*30,0) -> #DIV/0! | Y72: =IF((45-Table3[[#This Row],[Coverage post order]])>0,Table3[[#This Row],[Schedule]]*1.5,0) -> #DIV/0! | Z72: =ROUND((Table3[[#This Row],[Stock]]+Table3[[#This Row],[056 Order]]+Table3[[#This Row],[0789 Order]]+Table3[[#This Row],[0788 Order]]+Table3[[#This Row],[In Transit]])/Table3[[#This Row],[Schedule]]*30,0) -> #DIV/0!
A73: 73 | C73: 943209 | D73: 38.1 | E73: 1.6 | F73: 6.19 | G73: 8.915 | H73: 38.1-0-1.6-ERW 2 MAHS-FC | I73: ERW 2 | J73: FC | L73: 1981 | M73: 3502254 | P73: ='vsm req'!K79 -> 64000 | Q73: =((D73-E73)*E73*0.0246615*F73*L73) -> 17660.682 | R73: 0 | T73: =ROUND((Q73+Table3[[#This Row],[In Transit]])/P73*30,0) -> 8 | U73: =11500+96000 -> 107500 | Y73: =IF((45-Table3[[#This Row],[Coverage post order]])>0,Table3[[#This Row],[Schedule]]*1.5,0) -> 0 | Z73: =ROUND((Table3[[#This Row],[Stock]]+Table3[[#This Row],[056 Order]]+Table3[[#This Row],[0789 Order]]+Table3[[#This Row],[0788 Order]]+Table3[[#This Row],[In Transit]])/Table3[[#This Row],[Schedule]]*30,0) -> 59 | AA73: 056
A74: 75 | C74: 943209 | D74: 38.1 | E74: 2 | F74: 5.65 | G74: 10.06 | H74: 38.1-0-2-ERW 1-FC | I74: ERW 1 | J74: FC | L74: 4219 | M74: 3500959 | P74: ='vsm req'!K81 -> 10000 | Q74: =((D74-E74)*E74*0.0246615*F74*L74) -> 42443.839 | R74: 0 | T74: =ROUND((Q74+Table3[[#This Row],[In Transit]])/P74*30,0) -> 127 | Y74: =IF((45-Table3[[#This Row],[Coverage post order]])>0,Table3[[#This Row],[Schedule]]*1.5,0) -> 0 | Z74: =ROUND((Table3[[#This Row],[Stock]]+Table3[[#This Row],[056 Order]]+Table3[[#This Row],[0789 Order]]+Table3[[#This Row],[0788 Order]]+Table3[[#This Row],[In Transit]])/Table3[[#This Row],[Schedule]]*30,0) -> 127
A75: 80 | C75: 943209 | D75: 38.1 | E75: 2.5 | F75: 6.19 | G75: 13.586 | H75: 38.1-0-2.5-ERW 2 MAHS-FC | I75: ERW 2 | J75: FC | L75: 7350 | M75: 3502007 | P75: ='vsm req'!K82 -> 97000 | Q75: =((D75-E75)*E75*0.0246615*F75*L75) -> 99859.062 | R75: 0 | T75: =ROUND((Q75+Table3[[#This Row],[In Transit]])/P75*30,0) -> 31 | U75: =30000+145500 -> 175500 | Y75: =IF((45-Table3[[#This Row],[Coverage post order]])>0,Table3[[#This Row],[Schedule]]*1.5,0) -> 0 | Z75: =ROUND((Table3[[#This Row],[Stock]]+Table3[[#This Row],[056 Order]]+Table3[[#This Row],[0789 Order]]+Table3[[#This Row],[0788 Order]]+Table3[[#This Row],[In Transit]])/Table3[[#This Row],[Schedule]]*30,0) -> 85 | AA75: 056
A76: 81 | C76: 943211 | D76: 38.1 | E76: 3.2 | F76: 6.16 | I76: ERW 2 | J76: FC | L76: 1354 | M76: 4156196 | O76: 4156196 | P76: ='vsm req'!K83 -> 0 | Q76: =((D76-E76)*E76*0.0246615*F76*L76) -> 22971.76 | R76: 0 | T76: =ROUND((Q76+Table3[[#This Row],[In Transit]])/P76*30,0) -> #DIV/0! | Y76: =IF((45-Table3[[#This Row],[Coverage post order]])>0,Table3[[#This Row],[Schedule]]*1.5,0) -> #DIV/0! | Z76: =ROUND((Table3[[#This Row],[Stock]]+Table3[[#This Row],[056 Order]]+Table3[[#This Row],[0789 Order]]+Table3[[#This Row],[0788 Order]]+Table3[[#This Row],[In Transit]])/Table3[[#This Row],[Schedule]]*30,0) -> #DIV/0! | AA76: log in jsr only
A77: 82 | B77: 40X25 | C77: 943209 | D77: 41.28 | E77: 1.6 | F77: 5.74 | G77: 9.2 | H77: 40-25-1.6-ERW 1-FC | I77: ERW 1 | J77: FC | L77: 0 | N77: 1940826 | P77: ='vsm req'!K85 -> 0 | Q77: =((D77-E77)*E77*0.0246615*F77*L77) -> 0 | T77: =ROUND((Q77+Table3[[#This Row],[In Transit]])/P77*30,0) -> #DIV/0! | Y77: =IF((45-Table3[[#This Row],[Coverage post order]])>0,Table3[[#This Row],[Schedule]]*1.5,0) -> #DIV/0! | Z77: =ROUND((Table3[[#This Row],[Stock]]+Table3[[#This Row],[056 Order]]+Table3[[#This Row],[0789 Order]]+Table3[[#This Row],[0788 Order]]+Table3[[#This Row],[In Transit]])/Table3[[#This Row],[Schedule]]*30,0) -> #DIV/0! | AA77: 10MT place in 0789 - 21/4/26
A78: 83 | B78: 40X25 | C78: 943209 | D78: 41.28 | E78: 1.6 | F78: 5.99 | G78: 9.5 | H78: 40-25-1.6-ERW 1-FC | I78: ERW 1 | J78: FC | L78: 1480 | N78: 3597718 | P78: ='vsm req'!K86 -> 13000 | Q78: =((D78-E78)*E78*0.0246615*F78*L78) -> 13880.326 | T78: =ROUND((Q78+Table3[[#This Row],[In Transit]])/P78*30,0) -> 32 | V78: 19500 | Y78: =IF((45-Table3[[#This Row],[Coverage post order]])>0,Table3[[#This Row],[Schedule]]*1.5,0) -> 0 | Z78: =ROUND((Table3[[#This Row],[Stock]]+Table3[[#This Row],[056 Order]]+Table3[[#This Row],[0789 Order]]+Table3[[#This Row],[0788 Order]]+Table3[[#This Row],[In Transit]])/Table3[[#This Row],[Schedule]]*30,0) -> 77 | AA78: 0789
B79: 40X25 | D79: 41.28 | E79: 1.6 | F79: 6.02 | L79: 0 | P79: ='vsm req'!K87 -> 0 | Q79: =((D79-E79)*E79*0.0246615*F79*L79) -> 0 | T79: =ROUND((Q79+Table3[[#This Row],[In Transit]])/P79*30,0) -> #DIV/0! | Y79: =IF((45-Table3[[#This Row],[Coverage post order]])>0,Table3[[#This Row],[Schedule]]*1.5,0) -> #DIV/0! | Z79: =ROUND((Table3[[#This Row],[Stock]]+Table3[[#This Row],[056 Order]]+Table3[[#This Row],[0789 Order]]+Table3[[#This Row],[0788 Order]])/Table3[[#This Row],[Schedule]]*30,0) -> #DIV/0!
A80: 84 | C80: 943209 | D80: 41.28 | E80: 2.6 | F80: 6 | G80: 14.881 | H80: 41.28-0-2.6-ERW 1-FC | I80: ERW 1 | J80: FC | L80: 0 | M80: 3501716 | N80: 3994149 | P80: ='vsm req'!K88 -> 85000 | Q80: =((D80-E80)*E80*0.0246615*F80*L80) -> 0 | R80: 0 | T80: =ROUND((Q80+Table3[[#This Row],[In Transit]])/P80*30,0) -> 0 | U80: 65000 | V80: 65000 | Y80: =IF((45-Table3[[#This Row],[Coverage post order]])>0,Table3[[#This Row],[Schedule]]*1.5,0) -> 0 | Z80: =ROUND((Table3[[#This Row],[Stock]]+Table3[[#This Row],[056 Order]]+Table3[[#This Row],[0789 Order]]+Table3[[#This Row],[0788 Order]]+Table3[[#This Row],[In Transit]])/Table3[[#This Row],[Schedule]]*30,0) -> 46 | AA80: 50 - 0789 - 65mt & 50- 056 - 65mt
A81: 85 | D81: 41.28 | E81: 2.6 | F81: 6.02 | G81: 14.881 | H81: 41.28-0-2.6-ERW 1-FC | I81: ERW 1 | J81: FC | L81: 442 | P81: ='vsm req'!K89 -> 0 | Q81: =((D81-E81)*E81*0.0246615*F81*L81) -> 6599.3029 | T81: =ROUND((Q81+Table3[[#This Row],[In Transit]])/P81*30,0) -> #DIV/0! | Y81: =IF((45-Table3[[#This Row],[Coverage post order]])>0,Table3[[#This Row],[Schedule]]*1.5,0) -> #DIV/0! | Z81: =ROUND((Table3[[#This Row],[Stock]]+Table3[[#This Row],[056 Order]]+Table3[[#This Row],[0789 Order]]+Table3[[#This Row],[0788 Order]]+Table3[[#This Row],[In Transit]])/Table3[[#This Row],[Schedule]]*30,0) -> #DIV/0!
A82: 86 | C82: 943210 | D82: 41.28 | E82: 3.15 | F82: 5.94 | G82: 17.417 | H82: 41.28-0-3.2-ERW 1-FC | I82: ERW 1 | J82: FC | L82: 0 | M82: 3673889 | N82: 3597050 | P82: ='vsm req'!K90 -> 87000 | Q82: =((D82-E82)*E82*0.0246615*F82*L82) -> 0 | R82: 0 | T82: =ROUND((Q82+Table3[[#This Row],[In Transit]])/P82*30,0) -> 0 | V82: 130500 | Y82: =IF((45-Table3[[#This Row],[Coverage post order]])>0,Table3[[#This Row],[Schedule]]*1.5,0) -> 0 | Z82: =ROUND((Table3[[#This Row],[Stock]]+Table3[[#This Row],[056 Order]]+Table3[[#This Row],[0789 Order]]+Table3[[#This Row],[0788 Order]]+Table3[[#This Row],[In Transit]])/Table3[[#This Row],[Schedule]]*30,0) -> 45 | AA82: 0789
A83: 87 | C83: 943210 | D83: 41.28 | E83: 3.15 | F83: 5.86 | G83: 17.417 | H83: 41.28-0-3.2-ERW 1-FC | I83: ERW 1 | J83: FC | L83: 237 | M83: 3673889 | N83: 3230501 | P83: ='vsm req'!K91 -> 0 | Q83: =((D83-E83)*E83*0.0246615*F83*L83) -> 4113.7965 | R83: 0 | T83: =ROUND((Q83+Table3[[#This Row],[In Transit]])/P83*30,0) -> #DIV/0! | U83: 54000 | Y83: =IF((45-Table3[[#This Row],[Coverage post order]])>0,Table3[[#This Row],[Schedule]]*1.5,0) -> #DIV/0! | Z83: =ROUND((Table3[[#This Row],[Stock]]+Table3[[#This Row],[056 Order]]+Table3[[#This Row],[0789 Order]]+Table3[[#This Row],[0788 Order]]+Table3[[#This Row],[In Transit]])/Table3[[#This Row],[Schedule]]*30,0) -> #DIV/0!
D84: 41.28 | E84: 3.15 | F84: 6.285 | L84: 0 | P84: ='vsm req'!K92 -> 0 | Q84: =((D84-E84)*E84*0.0246615*F84*L84) -> 0 | T84: =ROUND((Q84+Table3[[#This Row],[In Transit]])/P84*30,0) -> #DIV/0! | Y84: =IF((45-Table3[[#This Row],[Coverage post order]])>0,Table3[[#This Row],[Schedule]]*1.5,0) -> #DIV/0! | Z84: =ROUND((Table3[[#This Row],[Stock]]+Table3[[#This Row],[056 Order]]+Table3[[#This Row],[0789 Order]]+Table3[[#This Row],[0788 Order]])/Table3[[#This Row],[Schedule]]*30,0) -> #DIV/0!
C85: 943210 | D85: 42.7 | E85: 1.6 | F85: 5.94 | I85: ERW 2 | J85: FC | L85: 266 | N85: 4230724 | P85: ='vsm req'!K93 -> 25000 | Q85: =((D85-E85)*E85*0.0246615*F85*L85) -> 2562.4144 | R85: 0 | T85: =ROUND((Q85+Table3[[#This Row],[In Transit]])/P85*30,0) -> 3 | V85: 37500 | Y85: =IF((45-Table3[[#This Row],[Coverage post order]])>0,Table3[[#This Row],[Schedule]]*1.5,0) -> 0 | Z85: =ROUND((Table3[[#This Row],[Stock]]+Table3[[#This Row],[056 Order]]+Table3[[#This Row],[0789 Order]]+Table3[[#This Row],[0788 Order]]+Table3[[#This Row],[In Transit]])/Table3[[#This Row],[Schedule]]*30,0) -> 48 | AA85: 0789
A86: 88 | D86: 42.7 | E86: 3.5 | F86: 6 | G86: 20.301 | H86: 42.7-0-3.5-ERW 1-FC | I86: ERW 1 | J86: FC | L86: 597 | M86: 3500650 | P86: ='vsm req'!K94 -> 0 | Q86: =((D86-E86)*E86*0.0246615*F86*L86) -> 12119.904 | R86: 0 | T86: =ROUND((Q86+Table3[[#This Row],[In Transit]])/P86*30,0) -> #DIV/0! | U86: 3000 | Y86: =IF((45-Table3[[#This Row],[Coverage post order]])>0,Table3[[#This Row],[Schedule]]*1.5,0) -> #DIV/0! | Z86: =ROUND((Table3[[#This Row],[Stock]]+Table3[[#This Row],[056 Order]]+Table3[[#This Row],[0789 Order]]+Table3[[#This Row],[0788 Order]]+Table3[[#This Row],[In Transit]])/Table3[[#This Row],[Schedule]]*30,0) -> #DIV/0!
A87: 89 | C87: 943209 | D87: 42.7 | E87: 3.5 | F87: 6.05 | G87: 20.471 | H87: 42.7-0-3.5-ERW 1-FC | I87: ERW 1 | J87: FC | L87: 1936 | M87: 3500650 | O87: 3500650 | P87: ='vsm req'!K95 -> 1500 | Q87: =((D87-E87)*E87*0.0246615*F87*L87) -> 39630.936 | T87: =ROUND((Q87+Table3[[#This Row],[In Transit]])/P87*30,0) -> 793 | W87: 2250 | Y87: =IF((45-Table3[[#This Row],[Coverage post order]])>0,Table3[[#This Row],[Schedule]]*1.5,0) -> 0 | Z87: =ROUND((Table3[[#This Row],[Stock]]+Table3[[#This Row],[056 Order]]+Table3[[#This Row],[0789 Order]]+Table3[[#This Row],[0788 Order]]+Table3[[#This Row],[In Transit]])/Table3[[#This Row],[Schedule]]*30,0) -> 838 | AA87: 0788
A88: 90 | C88: 943209 | D88: 42.7 | E88: 4 | F88: 5.5 | G88: 20.997 | H88: 42.7-0-4-ERW 1-FC | I88: ERW 1 | J88: FC | L88: 1512 | O88: 3500714 | P88: ='vsm req'!K96 -> 38000 | Q88: =((D88-E88)*E88*0.0246615*F88*L88) -> 31747.163 | R88: 0 | T88: =ROUND((Q88+Table3[[#This Row],[In Transit]])/P88*30,0) -> 25 | W88: =22000+57000 -> 79000 | Y88: =IF((45-Table3[[#This Row],[Coverage post order]])>0,Table3[[#This Row],[Schedule]]*1.5,0) -> 0 | Z88: =ROUND((Table3[[#This Row],[Stock]]+Table3[[#This Row],[056 Order]]+Table3[[#This Row],[0789 Order]]+Table3[[#This Row],[0788 Order]]+Table3[[#This Row],[In Transit]])/Table3[[#This Row],[Schedule]]*30,0) -> 87 | AA88: 0788
A89: 91 | B89: 40X30 | C89: 943209 | D89: 44.45 | E89: 1.6 | F89: 5.9 | G89: 10.02 | H89: 40-30-1.6-ERW 1-FC | I89: ERW 1 | J89: FC | L89: 0 | N89: 4164767 | P89: ='vsm req'!K97 -> 15000 | Q89: =((D89-E89)*E89*0.0246615*F89*L89) -> 0 | T89: =ROUND((Q89+Table3[[#This Row],[In Transit]])/P89*30,0) -> 0 | V89: 22500 | Y89: =IF((45-Table3[[#This Row],[Coverage post order]])>0,Table3[[#This Row],[Schedule]]*1.5,0) -> 0 | Z89: =ROUND((Table3[[#This Row],[Stock]]+Table3[[#This Row],[056 Order]]+Table3[[#This Row],[0789 Order]]+Table3[[#This Row],[0788 Order]]+Table3[[#This Row],[In Transit]])/Table3[[#This Row],[Schedule]]*30,0) -> 45 | AA89: 0789
A90: 92 | B90: 40X30 | C90: 943209 | D90: 44.45 | E90: 1.6 | F90: 6.23 | G90: 10.53 | H90: 40-30-1.6-ERW 1-FC | I90: ERW 1 | J90: FC | L90: 0 | N90: 1940833 | P90: ='vsm req'!K98 -> 0 | Q90: =((D90-E90)*E90*0.0246615*F90*L90) -> 0 | R90: 0 | T90: =ROUND((Q90+Table3[[#This Row],[In Transit]])/P90*30,0) -> #DIV/0! | Y90: =IF((45-Table3[[#This Row],[Coverage post order]])>0,Table3[[#This Row],[Schedule]]*1.5,0) -> #DIV/0! | Z90: =ROUND((Table3[[#This Row],[Stock]]+Table3[[#This Row],[056 Order]]+Table3[[#This Row],[0789 Order]]+Table3[[#This Row],[0788 Order]]+Table3[[#This Row],[In Transit]])/Table3[[#This Row],[Schedule]]*30,0) -> #DIV/0! | AA90: 789 | AB90: check 1 or 2
A91: 94 | C91: 943210 | D91: 45 | E91: 1.4 | F91: 5.7 | G91: 8.58 | I91: ERW 1 | J91: FC | L91: 1019 | P91: ='vsm req'!K99 -> 5000 | Q91: =((D91-E91)*E91*0.0246615*F91*L91) -> 8743.4545 | T91: =ROUND((Q91+Table3[[#This Row],[In Transit]])/P91*30,0) -> 52 | Y91: =IF((45-Table3[[#This Row],[Coverage post order]])>0,Table3[[#This Row],[Schedule]]*1.5,0) -> 0 | Z91: =ROUND((Table3[[#This Row],[Stock]]+Table3[[#This Row],[056 Order]]+Table3[[#This Row],[0789 Order]]+Table3[[#This Row],[0788 Order]]+Table3[[#This Row],[In Transit]])/Table3[[#This Row],[Schedule]]*30,0) -> 52 | AA91: dont log
A92: 95 | C92: 943210 | D92: 45 | E92: 1.4 | F92: 6.4 | G92: 9.634 | I92: ERW 2 | J92: FC | L92: 993 | N92: 3514971 | P92: ='vsm req'!K100 -> 24000 | Q92: =((D92-E92)*E92*0.0246615*F92*L92) -> 9566.7238 | T92: =ROUND((Q92+Table3[[#This Row],[In Transit]])/P92*30,0) -> 12 | V92: 36000 | Y92: =IF((45-Table3[[#This Row],[Coverage post order]])>0,Table3[[#This Row],[Schedule]]*1.5,0) -> 0 | Z92: =ROUND((Table3[[#This Row],[Stock]]+Table3[[#This Row],[056 Order]]+Table3[[#This Row],[0789 Order]]+Table3[[#This Row],[0788 Order]]+Table3[[#This Row],[In Transit]])/Table3[[#This Row],[Schedule]]*30,0) -> 57 | AA92: 0789
A93: 97 | C93: 943210 | D93: 45 | E93: 1.6 | F93: 6.4 | G93: 10.96 | I93: ERW 2 | J93: FC | L93: 243 | N93: 3702882 | P93: ='vsm req'!K102 -> 28000 | Q93: =((D93-E93)*E93*0.0246615*F93*L93) -> 2663.2715 | R93: 0 | T93: =ROUND((Q93+Table3[[#This Row],[In Transit]])/P93*30,0) -> 3 | V93: 42000 | Y93: =IF((45-Table3[[#This Row],[Coverage post order]])>0,Table3[[#This Row],[Schedule]]*1.5,0) -> 0 | Z93: =ROUND((Table3[[#This Row],[Stock]]+Table3[[#This Row],[056 Order]]+Table3[[#This Row],[0789 Order]]+Table3[[#This Row],[0788 Order]]+Table3[[#This Row],[In Transit]])/Table3[[#This Row],[Schedule]]*30,0) -> 48 | AA93: 0789
A94: 98 | D94: 45 | E94: 3.5 | F94: 6.1 | G94: 10.96 | I94: CEW | J94: FC | L94: 992 | M94: 3500263 | P94: ='vsm req'!K103 -> 0 | Q94: =((D94-E94)*E94*0.0246615*F94*L94) -> 21675.9 | R94: 0 | T94: =ROUND((Q94+Table3[[#This Row],[In Transit]])/P94*30,0) -> #DIV/0! | U94: 0 | Y94: =IF((45-Table3[[#This Row],[Coverage post order]])>0,Table3[[#This Row],[Schedule]]*1.5,0) -> #DIV/0! | Z94: =ROUND((Table3[[#This Row],[Stock]]+Table3[[#This Row],[056 Order]]+Table3[[#This Row],[0789 Order]]+Table3[[#This Row],[0788 Order]]+Table3[[#This Row],[In Transit]])/Table3[[#This Row],[Schedule]]*30,0) -> #DIV/0!
A95: 99 | C95: 943211 | D95: 47.63 | E95: 4 | F95: 6 | G95: 25.824 | I95: CEW | J95: FC | L95: 239 | O95: 3500635 | P95: ='vsm req'!K104 -> 10000 | Q95: =((D95-E95)*E95*0.0246615*F95*L95) -> 6171.8284 | T95: =ROUND((Q95+Table3[[#This Row],[In Transit]])/P95*30,0) -> 19 | W95: 15000 | Y95: =IF((45-Table3[[#This Row],[Coverage post order]])>0,Table3[[#This Row],[Schedule]]*1.5,0) -> 0 | Z95: =ROUND((Table3[[#This Row],[Stock]]+Table3[[#This Row],[056 Order]]+Table3[[#This Row],[0789 Order]]+Table3[[#This Row],[0788 Order]]+Table3[[#This Row],[In Transit]])/Table3[[#This Row],[Schedule]]*30,0) -> 64 | AA95: 0788
A96: 100 | C96: 943211 | D96: 48 | E96: 1.2 | F96: 5.55 | I96: ERW 1 | J96: FC | N96: 4180803 | P96: ='vsm req'!K105 -> 20000 | R96: 0 | T96: =ROUND((Q96+Table3[[#This Row],[In Transit]])/P96*30,0) -> 0 | V96: 30000 | Y96: =IF((45-Table3[[#This Row],[Coverage post order]])>0,Table3[[#This Row],[Schedule]]*1.5,0) -> 0 | Z96: =ROUND((Table3[[#This Row],[Stock]]+Table3[[#This Row],[056 Order]]+Table3[[#This Row],[0789 Order]]+Table3[[#This Row],[0788 Order]]+Table3[[#This Row],[In Transit]])/Table3[[#This Row],[Schedule]]*30,0) -> 45 | AA96: 0789
A97: 101 | C97: 943211 | D97: 48 | E97: 1.2 | F97: 5.67 | I97: ERW 1 | J97: FC | L97: 1807 | N97: 3460088 | P97: ='vsm req'!K106 -> 18000 | R97: 0 | T97: =ROUND((Q97+Table3[[#This Row],[In Transit]])/P97*30,0) -> 0 | V97: 27000 | Y97: =IF((45-Table3[[#This Row],[Coverage post order]])>0,Table3[[#This Row],[Schedule]]*1.5,0) -> 0 | Z97: =ROUND((Table3[[#This Row],[Stock]]+Table3[[#This Row],[056 Order]]+Table3[[#This Row],[0789 Order]]+Table3[[#This Row],[0788 Order]]+Table3[[#This Row],[In Transit]])/Table3[[#This Row],[Schedule]]*30,0) -> 45 | AA97: 0789
A98: 102 | C98: 943211 | D98: 48 | E98: 1.2 | F98: 5.285 | G98: 25.824 | I98: ERW 1 | J98: FC | L98: 1291 | N98: 4038150 | P98: ='vsm req'!K107 -> 48000 | T98: =ROUND((Q98+Table3[[#This Row],[In Transit]])/P98*30,0) -> 0 | V98: 72000 | Y98: =IF((45-Table3[[#This Row],[Coverage post order]])>0,Table3[[#This Row],[Schedule]]*1.5,0) -> 0 | Z98: =ROUND((Table3[[#This Row],[Stock]]+Table3[[#This Row],[056 Order]]+Table3[[#This Row],[0789 Order]]+Table3[[#This Row],[0788 Order]]+Table3[[#This Row],[In Transit]])/Table3[[#This Row],[Schedule]]*30,0) -> 45 | AA98: 0789
A99: 103 | B99: 59X30 | C99: 943211 | D99: 48.6 | E99: 1.6 | F99: 5.81 | G99: 10.92 | H99: 59-30-1.6-ERW 1-FIN CUT | I99: ERW 1 | J99: FC | L99: 152 | N99: 2420716 | P99: ='vsm req'!K108 -> 0 | Q99: =((D99-E99)*E99*0.0246615*F99*L99) -> 1637.7856 | T99: =ROUND((Q99+Table3[[#This Row],[In Transit]])/P99*30,0) -> #DIV/0! | Y99: =IF((45-Table3[[#This Row],[Coverage post order]])>0,Table3[[#This Row],[Schedule]]*1.5,0) -> #DIV/0! | Z99: =ROUND((Table3[[#This Row],[Stock]]+Table3[[#This Row],[056 Order]]+Table3[[#This Row],[0789 Order]]+Table3[[#This Row],[0788 Order]]+Table3[[#This Row],[In Transit]])/Table3[[#This Row],[Schedule]]*30,0) -> #DIV/0!
A100: 104 | B100: 59X30 | C100: 943209 | D100: 48.6 | E100: 1.6 | F100: 6 | G100: 11.12 | H100: 59-30-1.6-ERW 1-FIN CUT | I100: ERW 1 | J100: FC | L100: 0 | N100: 1940925 | P100: ='vsm req'!K109 -> 1000 | Q100: =((D100-E100)*E100*0.0246615*F100*L100) -> 0 | T100: =ROUND((Q100+Table3[[#This Row],[In Transit]])/P100*30,0) -> 0 | V100: 1500 | Y100: =IF((45-Table3[[#This Row],[Coverage post order]])>0,Table3[[#This Row],[Schedule]]*1.5,0) -> 0 | Z100: =ROUND((Table3[[#This Row],[Stock]]+Table3[[#This Row],[056 Order]]+Table3[[#This Row],[0789 Order]]+Table3[[#This Row],[0788 Order]]+Table3[[#This Row],[In Transit]])/Table3[[#This Row],[Schedule]]*30,0) -> 45 | AA100: 0789
...
